"","date","airT","HR","sunshine","ws","wd","precip"
"179318",2022-08-01 00:00:00,20.8,63,0,4.8,300,0
"179319",2022-08-01 01:00:00,20,75,0,2.8,320,0
"179320",2022-08-01 02:00:00,19.3,80,0,2.9,260,0
"179321",2022-08-01 03:00:00,18.7,86,0,2.4,260,0
"179322",2022-08-01 04:00:00,18.7,90,0,3,270,0
"179323",2022-08-01 05:00:00,19,90,0,3.8,290,0
"179324",2022-08-01 06:00:00,19.4,90,0,5.2,280,0
"179325",2022-08-01 07:00:00,19.3,95,0,3.3,290,0
"179326",2022-08-01 08:00:00,20.2,85,7,3.7,310,0
"179327",2022-08-01 09:00:00,21.1,73,9,4.4,300,0
"179328",2022-08-01 10:00:00,21.5,70,0,4.3,290,0
"179329",2022-08-01 11:00:00,21.4,70,0,3.9,300,0
"179330",2022-08-01 12:00:00,21,73,0,4.1,300,0
"179331",2022-08-01 13:00:00,22.8,66,1,2.9,310,0
"179332",2022-08-01 14:00:00,23.8,59,10,5.1,310,0
"179333",2022-08-01 15:00:00,24.2,55,41,4.7,290,0
"179334",2022-08-01 16:00:00,23.4,60,23,3.3,330,0
"179335",2022-08-01 17:00:00,23.2,60,36,3.4,320,0
"179336",2022-08-01 18:00:00,22.8,58,9,3.4,300,0
"179337",2022-08-01 19:00:00,22,59,25,3,310,0
"179338",2022-08-01 20:00:00,21.2,62,0,2.8,300,0
"179339",2022-08-01 21:00:00,20.8,63,0,2.8,10,0
"179340",2022-08-01 22:00:00,18.7,70,0,1.7,40,0
"179341",2022-08-01 23:00:00,18.7,74,0,2.3,330,0
"179342",2022-08-02 00:00:00,18.1,78,0,2.3,300,0
"179343",2022-08-02 01:00:00,17.9,73,0,1.6,300,0
"179344",2022-08-02 02:00:00,17.6,71,0,1.8,290,0
"179345",2022-08-02 03:00:00,17.3,73,0,2.1,310,0
"179346",2022-08-02 04:00:00,16.6,79,0,2,310,0
"179347",2022-08-02 05:00:00,16.7,79,7,1.8,310,0
"179348",2022-08-02 06:00:00,17.4,75,31,1.2,300,0
"179349",2022-08-02 07:00:00,19.2,56,60,0.9,210,0
"179350",2022-08-02 08:00:00,20.9,48,60,1.3,290,0
"179351",2022-08-02 09:00:00,22,45,60,2.4,240,0
"179352",2022-08-02 10:00:00,22.9,43,60,2,280,0
"179353",2022-08-02 11:00:00,24,40,51,3.8,300,0
"179354",2022-08-02 12:00:00,25.3,37,60,2.8,240,0
"179355",2022-08-02 13:00:00,26.1,36,59,1.3,310,0
"179356",2022-08-02 14:00:00,26.3,34,60,1.5,250,0
"179357",2022-08-02 15:00:00,27.3,33,60,1.3,300,0
"179358",2022-08-02 16:00:00,26.4,34,60,2.3,260,0
"179359",2022-08-02 17:00:00,26.4,34,32,2.3,290,0
"179360",2022-08-02 18:00:00,25,39,1,2,310,0
"179361",2022-08-02 19:00:00,22.4,48,3,1,20,0
"179362",2022-08-02 20:00:00,20.2,57,0,2,110,0
"179363",2022-08-02 21:00:00,18.9,63,0,2.3,100,0
"179364",2022-08-02 22:00:00,17.7,70,0,3.1,120,0
"179365",2022-08-02 23:00:00,17,75,0,3,150,0
"179366",2022-08-03 00:00:00,16.8,78,0,3.4,160,0
"179367",2022-08-03 01:00:00,16.8,75,0,2.9,160,0
"179368",2022-08-03 02:00:00,17,76,0,2.9,160,0
"179369",2022-08-03 03:00:00,17.7,72,0,2.3,180,0
"179370",2022-08-03 04:00:00,17,75,0,2.5,190,0
"179371",2022-08-03 05:00:00,17.4,76,39,2.5,190,0
"179372",2022-08-03 06:00:00,20.8,59,60,1.9,200,0
"179373",2022-08-03 07:00:00,24,46,60,2.2,200,0
"179374",2022-08-03 08:00:00,27.2,39,60,3.1,190,0
"179375",2022-08-03 09:00:00,28.9,30,60,2.1,210,0
"179376",2022-08-03 10:00:00,29.9,28,60,2,200,0
"179377",2022-08-03 11:00:00,30.9,27,60,2.3,220,0
"179378",2022-08-03 12:00:00,31.6,27,60,2.2,240,0
"179379",2022-08-03 13:00:00,32.3,27,60,1.1,160,0
"179380",2022-08-03 14:00:00,32.7,27,60,1.9,250,0
"179381",2022-08-03 15:00:00,32.8,27,60,2.1,170,0
"179382",2022-08-03 16:00:00,32.8,27,60,2.3,220,0
"179383",2022-08-03 17:00:00,32.6,27,60,1,220,0
"179384",2022-08-03 18:00:00,29.9,31,49,1.2,200,0
"179385",2022-08-03 19:00:00,27,41,22,2.3,180,0
"179386",2022-08-03 20:00:00,24.2,48,0,2,190,0
"179387",2022-08-03 21:00:00,22.5,58,0,1.7,200,0
"179388",2022-08-03 22:00:00,21.2,66,0,1,140,0
"179389",2022-08-03 23:00:00,20.3,71,0,2.2,120,0
"179390",2022-08-04 00:00:00,19.7,71,0,2.8,120,0
"179391",2022-08-04 01:00:00,19.5,75,0,1.5,120,0
"179392",2022-08-04 02:00:00,19.2,78,0,2.5,120,0
"179393",2022-08-04 03:00:00,18.3,82,0,2,110,0
"179394",2022-08-04 04:00:00,17.7,85,0,2,110,0
"179395",2022-08-04 05:00:00,19.2,82,49,2.9,140,0
"179396",2022-08-04 06:00:00,21.4,69,60,1.7,150,0
"179397",2022-08-04 07:00:00,25.3,46,60,1.7,170,0
"179398",2022-08-04 08:00:00,28.4,39,60,1,140,0
"179399",2022-08-04 09:00:00,31.3,34,60,1.9,140,0
"179400",2022-08-04 10:00:00,33.1,30,60,2.4,130,0
"179401",2022-08-04 11:00:00,34.4,28,60,1.3,130,0
"179402",2022-08-04 12:00:00,35,26,60,3.8,190,0
"179403",2022-08-04 13:00:00,35.8,24,60,4,190,0
"179404",2022-08-04 14:00:00,36.4,23,60,3.9,210,0
"179405",2022-08-04 15:00:00,35.5,23,60,4.5,210,0
"179406",2022-08-04 16:00:00,35.7,23,59,3.8,210,0
"179407",2022-08-04 17:00:00,35.4,23,59,3.9,200,0
"179408",2022-08-04 18:00:00,32.5,28,60,3.2,180,0
"179409",2022-08-04 19:00:00,28.9,38,23,3.3,160,0
"179410",2022-08-04 20:00:00,26.1,47,0,4,160,0
"179411",2022-08-04 21:00:00,24.3,53,0,4,150,0
"179412",2022-08-04 22:00:00,25.2,48,0,3.2,190,0
"179413",2022-08-04 23:00:00,23.4,56,0,3.7,140,0
"179414",2022-08-05 00:00:00,23.2,55,0,1.5,250,0
"179415",2022-08-05 01:00:00,21.4,62,0,1.3,160,0
"179416",2022-08-05 02:00:00,22.1,65,0,3.6,330,0
"179417",2022-08-05 03:00:00,22.7,65,0,3.5,350,0
"179418",2022-08-05 04:00:00,22.9,66,0,4.1,30,0
"179419",2022-08-05 05:00:00,23.6,64,6,3.6,360,0
"179420",2022-08-05 06:00:00,24.2,63,22,3.6,330,0
"179421",2022-08-05 07:00:00,23.3,69,16,6,320,0
"179422",2022-08-05 08:00:00,23.3,69,16,5.3,330,0
"179423",2022-08-05 09:00:00,23.5,70,1,3.6,350,0
"179424",2022-08-05 10:00:00,23.4,69,0,2.8,350,0
"179425",2022-08-05 11:00:00,23.1,78,0,1.1,290,0.1
"179426",2022-08-05 12:00:00,25.6,63,29,1.6,260,0
"179427",2022-08-05 13:00:00,27.5,52,60,2.8,240,0
"179428",2022-08-05 14:00:00,27.1,54,45,5.5,290,0
"179429",2022-08-05 15:00:00,26.6,56,31,4.2,290,0
"179430",2022-08-05 16:00:00,24.3,67,0,5.9,320,0
"179431",2022-08-05 17:00:00,22.3,74,3,8.4,310,0
"179432",2022-08-05 18:00:00,19.4,77,5,7.3,320,0
"179433",2022-08-05 19:00:00,18.4,80,0,4.6,320,0
"179434",2022-08-05 20:00:00,17.8,71,0,4.9,320,0
"179435",2022-08-05 21:00:00,17.4,74,0,3.9,310,0
"179436",2022-08-05 22:00:00,16.8,80,0,3.9,300,0
"179437",2022-08-05 23:00:00,16.7,79,0,5,300,0
"179438",2022-08-06 00:00:00,15.8,75,0,5.6,300,0
"179439",2022-08-06 01:00:00,14.7,76,0,5.1,300,0
"179440",2022-08-06 02:00:00,14,79,0,4.3,310,0
"179441",2022-08-06 03:00:00,13.4,81,0,4.2,300,0
"179442",2022-08-06 04:00:00,12.9,84,0,4.2,300,0
"179443",2022-08-06 05:00:00,12.8,86,1,2.6,290,0
"179444",2022-08-06 06:00:00,12.8,87,26,2.5,300,0
"179445",2022-08-06 07:00:00,15,76,60,3.3,300,0
"179446",2022-08-06 08:00:00,16.5,69,60,4,300,0
"179447",2022-08-06 09:00:00,17.6,62,55,2.9,290,0
"179448",2022-08-06 10:00:00,19.1,51,42,3.4,330,0
"179449",2022-08-06 11:00:00,20.8,48,48,2.3,310,0
"179450",2022-08-06 12:00:00,21.3,43,40,2.3,290,0
"179451",2022-08-06 13:00:00,21.2,42,44,2.9,290,0
"179452",2022-08-06 14:00:00,22.1,39,50,3.2,340,0
"179453",2022-08-06 15:00:00,21.8,39,46,5,330,0
"179454",2022-08-06 16:00:00,21.1,40,34,3.7,320,0
"179455",2022-08-06 17:00:00,21.3,39,55,4.2,330,0
"179456",2022-08-06 18:00:00,20.5,39,60,3.1,340,0
"179457",2022-08-06 19:00:00,18.8,44,45,2.7,330,0
"179458",2022-08-06 20:00:00,15.4,57,0,1.9,340,0
"179459",2022-08-06 21:00:00,13.8,66,0,2.6,350,0
"179460",2022-08-06 22:00:00,12.9,73,0,2,360,0
"179461",2022-08-06 23:00:00,12.2,79,0,2.4,20,0
"179462",2022-08-07 00:00:00,11.6,83,0,2.3,20,0
"179463",2022-08-07 01:00:00,11.5,86,0,2.2,10,0
"179464",2022-08-07 02:00:00,10.7,90,0,2.1,30,0
"179465",2022-08-07 03:00:00,10.2,93,0,1.8,60,0
"179466",2022-08-07 04:00:00,9.8,95,0,2.2,50,0
"179467",2022-08-07 05:00:00,10.4,95,37,2,80,0
"179468",2022-08-07 06:00:00,14.1,74,60,1.7,100,0
"179469",2022-08-07 07:00:00,16.9,55,60,2,120,0
"179470",2022-08-07 08:00:00,19.7,44,60,2.4,150,0
"179471",2022-08-07 09:00:00,21.1,40,60,2.3,200,0
"179472",2022-08-07 10:00:00,22,37,60,2,170,0
"179473",2022-08-07 11:00:00,21.6,36,50,1.4,210,0
"179474",2022-08-07 12:00:00,22.5,35,36,1.4,250,0
"179475",2022-08-07 13:00:00,23.7,34,52,2.4,240,0
"179476",2022-08-07 14:00:00,24,32,60,0.6,270,0
"179477",2022-08-07 15:00:00,23.4,34,48,2.1,10,0
"179478",2022-08-07 16:00:00,22.9,34,44,2,290,0
"179479",2022-08-07 17:00:00,23.8,33,52,1.7,50,0
"179480",2022-08-07 18:00:00,23,34,60,3,330,0
"179481",2022-08-07 19:00:00,20.8,39,36,2.8,350,0
"179482",2022-08-07 20:00:00,17.5,50,0,2.2,360,0
"179483",2022-08-07 21:00:00,15.6,59,0,2.9,10,0
"179484",2022-08-07 22:00:00,14.8,66,0,3,50,0
"179485",2022-08-07 23:00:00,14,70,0,2.9,40,0
"179486",2022-08-08 00:00:00,13.4,74,0,2.6,60,0
"179487",2022-08-08 01:00:00,12.9,78,0,2.4,70,0
"179488",2022-08-08 02:00:00,12.3,81,0,2.5,60,0
"179489",2022-08-08 03:00:00,11.8,83,0,2.6,80,0
"179490",2022-08-08 04:00:00,11.4,86,0,2.3,70,0
"179491",2022-08-08 05:00:00,11.7,86,13,1.7,70,0
"179492",2022-08-08 06:00:00,14.9,71,60,1.1,120,0
"179493",2022-08-08 07:00:00,18.4,49,60,0.2,NA,0
"179494",2022-08-08 08:00:00,21.8,38,60,1.4,360,0
"179495",2022-08-08 09:00:00,23.3,31,60,2.3,20,0
"179496",2022-08-08 10:00:00,24.8,30,60,2.7,80,0
"179497",2022-08-08 11:00:00,24,31,39,1.6,330,0
"179498",2022-08-08 12:00:00,25.3,30,51,0.1,NA,0
"179499",2022-08-08 13:00:00,25.2,29,44,2.2,340,0
"179500",2022-08-08 14:00:00,26.4,28,60,2,290,0
"179501",2022-08-08 15:00:00,25.3,29,11,1.6,340,0
"179502",2022-08-08 16:00:00,25.9,27,25,2.1,340,0
"179503",2022-08-08 17:00:00,25.2,29,32,2.6,320,0
"179504",2022-08-08 18:00:00,24.4,30,44,2.9,360,0
"179505",2022-08-08 19:00:00,23.4,34,28,4.3,20,0
"179506",2022-08-08 20:00:00,21.4,40,0,3.4,40,0
"179507",2022-08-08 21:00:00,20.7,45,0,5.2,50,0
"179508",2022-08-08 22:00:00,19.3,49,0,4.1,60,0
"179509",2022-08-08 23:00:00,19.1,50,0,3.8,70,0
"179510",2022-08-09 00:00:00,17.8,56,0,3.2,70,0
"179511",2022-08-09 01:00:00,18.5,57,0,2.4,50,0
"179512",2022-08-09 02:00:00,18.5,58,0,2.1,30,0
"179513",2022-08-09 03:00:00,18.2,60,0,2.1,30,0
"179514",2022-08-09 04:00:00,18.2,62,0,2,30,0
"179515",2022-08-09 05:00:00,18.4,62,0,2,10,0
"179516",2022-08-09 06:00:00,18.9,61,0,3.3,30,0
"179517",2022-08-09 07:00:00,19.7,59,33,3,30,0
"179518",2022-08-09 08:00:00,20.7,47,60,4.4,50,0
"179519",2022-08-09 09:00:00,22.6,41,60,2.3,40,0
"179520",2022-08-09 10:00:00,24.4,37,60,3.8,70,0
"179521",2022-08-09 11:00:00,25.2,34,59,2.4,10,0
"179522",2022-08-09 12:00:00,25.8,31,46,2.6,310,0
"179523",2022-08-09 13:00:00,25.8,32,46,2.2,340,0
"179524",2022-08-09 14:00:00,26,31,60,3.2,10,0
"179525",2022-08-09 15:00:00,26.4,31,60,3,350,0
"179526",2022-08-09 16:00:00,26.3,31,60,2.8,340,0
"179527",2022-08-09 17:00:00,25.7,32,60,4,20,0
"179528",2022-08-09 18:00:00,24.6,34,60,3.5,10,0
"179529",2022-08-09 19:00:00,23.1,37,33,5,40,0
"179530",2022-08-09 20:00:00,21.6,42,0,4.7,50,0
"179531",2022-08-09 21:00:00,20.9,45,0,3.8,50,0
"179532",2022-08-09 22:00:00,19.7,52,0,4.4,50,0
"179533",2022-08-09 23:00:00,18.6,58,0,4.1,50,0
"179534",2022-08-10 00:00:00,16.7,69,0,2.8,40,0
"179535",2022-08-10 01:00:00,15.8,79,0,2.2,30,0
"179536",2022-08-10 02:00:00,15.3,83,0,2.4,10,0
"179537",2022-08-10 03:00:00,14.2,88,0,2.5,20,0
"179538",2022-08-10 04:00:00,13.6,93,0,2.3,50,0
"179539",2022-08-10 05:00:00,13.9,94,39,1.9,10,0
"179540",2022-08-10 06:00:00,17.3,77,60,2.3,30,0
"179541",2022-08-10 07:00:00,18.8,69,60,1.8,40,0
"179542",2022-08-10 08:00:00,20.8,55,60,1.7,20,0
"179543",2022-08-10 09:00:00,22.6,45,60,2.1,10,0
"179544",2022-08-10 10:00:00,24.1,36,60,2.3,40,0
"179545",2022-08-10 11:00:00,25.9,32,60,1.6,110,0
"179546",2022-08-10 12:00:00,26.7,30,60,2.7,100,0
"179547",2022-08-10 13:00:00,27.5,28,60,2,350,0
"179548",2022-08-10 14:00:00,27.9,27,60,0.1,NA,0
"179549",2022-08-10 15:00:00,28.2,26,60,2,90,0
"179550",2022-08-10 16:00:00,28.1,25,60,0.8,210,0
"179551",2022-08-10 17:00:00,27.4,25,60,0.8,30,0
"179552",2022-08-10 18:00:00,24.8,31,60,1,70,0
"179553",2022-08-10 19:00:00,22.1,43,33,2.4,10,0
"179554",2022-08-10 20:00:00,19.5,51,0,3.2,20,0
"179555",2022-08-10 21:00:00,22.2,46,0,4.7,40,0
"179556",2022-08-10 22:00:00,20.6,50,0,3.7,60,0
"179557",2022-08-10 23:00:00,18.9,54,0,2.9,60,0
"179558",2022-08-11 00:00:00,18.6,54,0,3.7,70,0
"179559",2022-08-11 01:00:00,18,54,0,3.5,60,0
"179560",2022-08-11 02:00:00,17.2,58,0,3.4,70,0
"179561",2022-08-11 03:00:00,15.7,64,0,2.9,80,0
"179562",2022-08-11 04:00:00,14.7,71,0,2.8,80,0
"179563",2022-08-11 05:00:00,14.8,76,38,2.6,90,0
"179564",2022-08-11 06:00:00,17.2,69,60,1.8,130,0
"179565",2022-08-11 07:00:00,19.9,54,60,2.2,130,0
"179566",2022-08-11 08:00:00,23.6,43,60,1.7,160,0
"179567",2022-08-11 09:00:00,25.8,35,60,2.2,130,0
"179568",2022-08-11 10:00:00,26.9,32,60,1.5,60,0
"179569",2022-08-11 11:00:00,28.3,29,60,1.3,130,0
"179570",2022-08-11 12:00:00,29.4,28,60,2.8,120,0
"179571",2022-08-11 13:00:00,28.9,27,59,2.4,40,0
"179572",2022-08-11 14:00:00,29.2,26,60,2,70,0
"179573",2022-08-11 15:00:00,29.8,25,60,3.6,90,0
"179574",2022-08-11 16:00:00,29.1,24,60,2.7,80,0
"179575",2022-08-11 17:00:00,28.1,24,59,3,70,0
"179576",2022-08-11 18:00:00,26.4,25,59,3.7,80,0
"179577",2022-08-11 19:00:00,23.3,30,32,3.8,90,0
"179578",2022-08-11 20:00:00,21,34,0,3.3,80,0
"179579",2022-08-11 21:00:00,19.4,41,0,4,70,0
"179580",2022-08-11 22:00:00,20.3,43,0,4.2,70,0
"179581",2022-08-11 23:00:00,19.8,47,0,3.4,80,0
"179582",2022-08-12 00:00:00,18.7,55,0,3.6,90,0
"179583",2022-08-12 01:00:00,16.7,66,0,2.8,80,0
"179584",2022-08-12 02:00:00,15.7,76,0,2.8,90,0
"179585",2022-08-12 03:00:00,14.7,78,0,2.6,90,0
"179586",2022-08-12 04:00:00,13.9,82,0,2.8,90,0
"179587",2022-08-12 05:00:00,14.5,85,38,2.2,100,0
"179588",2022-08-12 06:00:00,17.3,71,60,1.2,110,0
"179589",2022-08-12 07:00:00,21,50,59,1.7,120,0
"179590",2022-08-12 08:00:00,24.7,39,60,3.3,130,0
"179591",2022-08-12 09:00:00,26.5,32,59,4,140,0
"179592",2022-08-12 10:00:00,27.2,30,60,3.3,110,0
"179593",2022-08-12 11:00:00,28,29,60,1.8,100,0
"179594",2022-08-12 12:00:00,28.7,28,45,4.8,100,0
"179595",2022-08-12 13:00:00,27.9,28,41,3.3,100,0
"179596",2022-08-12 14:00:00,29.2,27,59,3.3,110,0
"179597",2022-08-12 15:00:00,29.5,28,54,3.2,70,0
"179598",2022-08-12 16:00:00,28.9,28,59,3.6,100,0
"179599",2022-08-12 17:00:00,27.8,29,60,3.9,70,0
"179600",2022-08-12 18:00:00,26.4,31,60,3.3,70,0
"179601",2022-08-12 19:00:00,24.7,35,26,2.5,80,0
"179602",2022-08-12 20:00:00,21.7,47,0,2.7,80,0
"179603",2022-08-12 21:00:00,20.7,54,0,2.6,50,0
"179604",2022-08-12 22:00:00,19.6,59,0,3.6,70,0
"179605",2022-08-12 23:00:00,20.1,60,0,3.3,70,0
"179606",2022-08-13 00:00:00,19.4,63,0,2.8,30,0
"179607",2022-08-13 01:00:00,18.5,65,0,2.2,20,0
"179608",2022-08-13 02:00:00,17.2,71,0,2.5,50,0
"179609",2022-08-13 03:00:00,16.7,77,0,2.4,50,0
"179610",2022-08-13 04:00:00,16.2,80,0,2.6,80,0
"179611",2022-08-13 05:00:00,16.6,82,0,2.4,70,0
"179612",2022-08-13 06:00:00,18.3,78,0,1,70,0
"179613",2022-08-13 07:00:00,21.9,62,5,2.2,70,0
"179614",2022-08-13 08:00:00,24,55,2,1.7,50,0
"179615",2022-08-13 09:00:00,24.6,55,10,1.5,50,0
"179616",2022-08-13 10:00:00,26.9,50,0,1.2,50,0
"179617",2022-08-13 11:00:00,25.6,51,0,4.7,40,0
"179618",2022-08-13 12:00:00,25.7,54,0,3.3,90,0
"179619",2022-08-13 13:00:00,24.7,60,0,3.2,50,0
"179620",2022-08-13 14:00:00,26.6,53,9,3.5,80,0
"179621",2022-08-13 15:00:00,28,48,55,5.6,100,0
"179622",2022-08-13 16:00:00,28.9,46,53,3.1,90,0
"179623",2022-08-13 17:00:00,27.9,47,52,2.5,150,0
"179624",2022-08-13 18:00:00,26.7,51,22,1.8,180,0
"179625",2022-08-13 19:00:00,25,59,0,2,230,0
"179626",2022-08-13 20:00:00,22.5,80,0,2.9,350,0.1
"179627",2022-08-13 21:00:00,21.7,87,0,2.2,340,0
"179628",2022-08-13 22:00:00,20.2,95,0,2.5,80,0.3
"179629",2022-08-13 23:00:00,19.5,97,0,1.4,100,0
"179630",2022-08-14 00:00:00,19.4,98,0,2.3,80,0
"179631",2022-08-14 01:00:00,18.9,98,0,3.4,80,0
"179632",2022-08-14 02:00:00,18.7,95,0,2.2,110,0
"179633",2022-08-14 03:00:00,18.9,95,0,1.7,100,0
"179634",2022-08-14 04:00:00,18.8,95,0,1.3,100,0
"179635",2022-08-14 05:00:00,19.2,95,0,0.7,60,0
"179636",2022-08-14 06:00:00,20.8,83,27,1.5,70,0
"179637",2022-08-14 07:00:00,23.4,66,60,2.1,60,0
"179638",2022-08-14 08:00:00,25,56,60,1.6,40,0
"179639",2022-08-14 09:00:00,27.8,47,60,2.3,70,0
"179640",2022-08-14 10:00:00,28.5,43,60,3.6,50,0
"179641",2022-08-14 11:00:00,30.2,38,60,3.3,80,0
"179642",2022-08-14 12:00:00,31,35,59,3.3,90,0
"179643",2022-08-14 13:00:00,31.4,33,58,2.5,60,0
"179644",2022-08-14 14:00:00,31.4,31,58,3,90,0
"179645",2022-08-14 15:00:00,31.8,28,60,3.4,80,0
"179646",2022-08-14 16:00:00,31.6,27,60,3.7,100,0
"179647",2022-08-14 17:00:00,30.8,29,60,3.4,70,0
"179648",2022-08-14 18:00:00,28.7,33,60,3.9,80,0
"179649",2022-08-14 19:00:00,26.7,40,18,4.3,120,0
"179650",2022-08-14 20:00:00,25.7,48,0,4.1,120,0
"179651",2022-08-14 21:00:00,24.4,54,0,3.3,120,0
"179652",2022-08-14 22:00:00,23,63,0,3,80,0
"179653",2022-08-14 23:00:00,23,64,0,3.2,90,0
"179654",2022-08-15 00:00:00,22,71,0,2.9,100,0
"179655",2022-08-15 01:00:00,21,78,0,2.4,90,0
"179656",2022-08-15 02:00:00,20.1,84,0,3,120,0
"179657",2022-08-15 03:00:00,19.9,87,0,3.1,120,0
"179658",2022-08-15 04:00:00,19.4,90,0,2.3,100,0
"179659",2022-08-15 05:00:00,19.4,93,20,1.7,90,0
"179660",2022-08-15 06:00:00,21.2,82,60,2.2,110,0
"179661",2022-08-15 07:00:00,22.4,74,60,4.2,120,0
"179662",2022-08-15 08:00:00,24.5,63,60,3.1,100,0
"179663",2022-08-15 09:00:00,26,55,57,3.6,100,0
"179664",2022-08-15 10:00:00,27.6,51,51,3.3,120,0
"179665",2022-08-15 11:00:00,28,47,28,2.9,130,0
"179666",2022-08-15 12:00:00,29.5,45,13,2.9,130,0
"179667",2022-08-15 13:00:00,28.8,44,10,3.4,120,0
"179668",2022-08-15 14:00:00,30.1,39,30,3.3,160,0
"179669",2022-08-15 15:00:00,30.6,36,32,2.4,160,0
"179670",2022-08-15 16:00:00,29.3,40,23,3.9,130,0
"179671",2022-08-15 17:00:00,20.3,91,0,6.5,200,6.9
"179672",2022-08-15 18:00:00,20.1,95,0,4.5,300,2.8
"179673",2022-08-15 19:00:00,19.9,95,0,3.4,320,1.4
"179674",2022-08-15 20:00:00,19.6,98,0,0.9,60,0.1
"179675",2022-08-15 21:00:00,19.2,99,0,1.7,100,0
"179676",2022-08-15 22:00:00,19.4,99,0,2.2,200,0
"179677",2022-08-15 23:00:00,19.3,99,0,2.2,190,0
"179678",2022-08-16 00:00:00,19,98,0,2.6,210,0
"179679",2022-08-16 01:00:00,18.6,98,0,3,240,0
"179680",2022-08-16 02:00:00,18.2,98,0,2.5,230,0
"179681",2022-08-16 03:00:00,17.4,98,0,1.3,270,0
"179682",2022-08-16 04:00:00,17,99,0,1.1,180,0
"179683",2022-08-16 05:00:00,17.3,99,23,1.7,180,0
"179684",2022-08-16 06:00:00,18.3,99,60,1.3,150,0
"179685",2022-08-16 07:00:00,19.4,94,60,1.7,200,0
"179686",2022-08-16 08:00:00,22,82,60,1.7,210,0
"179687",2022-08-16 09:00:00,24.4,65,60,1.1,200,0
"179688",2022-08-16 10:00:00,26.2,53,60,2.3,200,0
"179689",2022-08-16 11:00:00,27.8,46,55,1.9,210,0
"179690",2022-08-16 12:00:00,27.4,44,43,0.9,200,0
"179691",2022-08-16 13:00:00,29,40,33,1.8,230,0
"179692",2022-08-16 14:00:00,28.4,39,20,1.9,250,0
"179693",2022-08-16 15:00:00,29.4,38,44,2.8,280,0
"179694",2022-08-16 16:00:00,29.1,36,56,1.5,250,0
"179695",2022-08-16 17:00:00,29,37,60,1.6,260,0
"179696",2022-08-16 18:00:00,25.6,49,60,1.2,300,0
"179697",2022-08-16 19:00:00,23.2,64,7,1.4,340,0
"179698",2022-08-16 20:00:00,21.4,73,0,1.4,310,0
"179699",2022-08-16 21:00:00,20.4,83,0,0.5,350,0
"179700",2022-08-16 22:00:00,19.1,86,0,0.5,80,0
"179701",2022-08-16 23:00:00,18.8,87,0,1.3,70,0
"179702",2022-08-17 00:00:00,18.3,93,0,1.6,110,0
"179703",2022-08-17 01:00:00,17.9,94,0,1.4,180,0
"179704",2022-08-17 02:00:00,17.4,95,0,1.7,190,0
"179705",2022-08-17 03:00:00,17.2,97,0,1.7,190,0
"179706",2022-08-17 04:00:00,16.6,97,0,1.1,110,0
"179707",2022-08-17 05:00:00,17.2,98,28,1.6,80,0
"179708",2022-08-17 06:00:00,18.7,93,60,0.4,NA,0
"179709",2022-08-17 07:00:00,22.8,63,60,1.2,150,0
"179710",2022-08-17 08:00:00,26.7,46,60,0.8,150,0
"179711",2022-08-17 09:00:00,28.9,38,60,1.2,30,0
"179712",2022-08-17 10:00:00,29.7,35,60,1.6,70,0
"179713",2022-08-17 11:00:00,30.5,33,60,1.5,350,0
"179714",2022-08-17 12:00:00,31.6,32,55,1.5,100,0
"179715",2022-08-17 13:00:00,30.8,32,26,1.1,160,0
"179716",2022-08-17 14:00:00,31.1,32,49,0.6,40,0
"179717",2022-08-17 15:00:00,30.7,34,20,1.3,30,0
"179718",2022-08-17 16:00:00,30.7,36,28,1.3,80,0
"179719",2022-08-17 17:00:00,29.2,42,46,1,40,0
"179720",2022-08-17 18:00:00,27.1,48,43,3,80,0
"179721",2022-08-17 19:00:00,24.8,54,0,3.1,70,0
"179722",2022-08-17 20:00:00,23.4,56,0,3.5,70,0
"179723",2022-08-17 21:00:00,23.5,57,0,3.7,70,0
"179724",2022-08-17 22:00:00,23.2,60,0,3.9,50,0
"179725",2022-08-17 23:00:00,23.2,62,0,3.7,70,0
"179726",2022-08-18 00:00:00,23.1,64,0,2.8,60,0
"179727",2022-08-18 01:00:00,21.8,70,0,3.7,80,0
"179728",2022-08-18 02:00:00,21.7,70,0,3.1,90,0
"179729",2022-08-18 03:00:00,20.4,76,0,2.8,120,0
"179730",2022-08-18 04:00:00,19.1,87,0,2.8,120,0
"179731",2022-08-18 05:00:00,19,87,0,2.5,130,0
"179732",2022-08-18 06:00:00,20.4,85,0,1.7,120,0
"179733",2022-08-18 07:00:00,23.1,66,42,0.5,170,0
"179734",2022-08-18 08:00:00,24.4,61,6,0.4,NA,0
"179735",2022-08-18 09:00:00,25.8,58,0,0.8,320,0
"179736",2022-08-18 10:00:00,27.6,51,57,1.4,290,0
"179737",2022-08-18 11:00:00,29.9,45,56,0.4,NA,0
"179738",2022-08-18 12:00:00,31.6,39,60,0.8,280,0
"179739",2022-08-18 13:00:00,32.1,38,53,3.5,300,0
"179740",2022-08-18 14:00:00,32.6,35,60,2.6,270,0
"179741",2022-08-18 15:00:00,32.4,37,28,2.8,310,0
"179742",2022-08-18 16:00:00,30.2,40,7,4.1,360,0
"179743",2022-08-18 17:00:00,27.1,48,13,6.4,70,0
"179744",2022-08-18 18:00:00,23.8,70,0,3.8,40,0
"179745",2022-08-18 19:00:00,23.5,72,0,3.9,50,0
"179746",2022-08-18 20:00:00,23.2,74,0,2.6,50,0
"179747",2022-08-18 21:00:00,22.2,82,0,4.5,60,0
"179748",2022-08-18 22:00:00,21,95,0,2.9,340,1
"179749",2022-08-18 23:00:00,21,95,0,1.9,300,0
"179750",2022-08-19 00:00:00,20.5,96,0,2.8,320,0
"179751",2022-08-19 01:00:00,20.4,95,0,3.6,340,0.1
"179752",2022-08-19 02:00:00,20.2,97,0,2.1,350,2.2
"179753",2022-08-19 03:00:00,19.8,98,0,5,330,4.5
"179754",2022-08-19 04:00:00,19.6,99,0,3.5,350,0.2
"179755",2022-08-19 05:00:00,19.8,98,0,3.8,340,0
"179756",2022-08-19 06:00:00,20.4,94,39,4.5,360,0
"179757",2022-08-19 07:00:00,21.2,90,8,2.6,330,0
"179758",2022-08-19 08:00:00,21.6,89,0,2.7,320,0
"179759",2022-08-19 09:00:00,21.6,89,0,2.4,330,0
"179760",2022-08-19 10:00:00,21.9,88,0,3.9,310,0
"179761",2022-08-19 11:00:00,22.6,84,0,4.1,310,0
"179762",2022-08-19 12:00:00,22.3,84,0,4.1,300,0
"179763",2022-08-19 13:00:00,22.3,83,0,4,310,0
"179764",2022-08-19 14:00:00,23,78,0,3.9,300,0
"179765",2022-08-19 15:00:00,23.1,77,13,3.2,300,0
"179766",2022-08-19 16:00:00,22,83,0,4.5,290,0
"179767",2022-08-19 17:00:00,21.3,87,0,3.7,290,0
"179768",2022-08-19 18:00:00,21.1,87,0,3.4,310,0
"179769",2022-08-19 19:00:00,20.6,93,0,3,290,0
"179770",2022-08-19 20:00:00,20.3,95,0,2,290,0
"179771",2022-08-19 21:00:00,20.2,94,0,2.5,310,0
"179772",2022-08-19 22:00:00,20.1,94,0,2.3,300,0
"179773",2022-08-19 23:00:00,19.9,94,0,2.7,280,0
"179774",2022-08-20 00:00:00,19.8,95,0,2.1,320,0
"179775",2022-08-20 01:00:00,19.9,94,0,2.5,310,0
"179776",2022-08-20 02:00:00,19.4,97,0,3.4,320,0.1
"179777",2022-08-20 03:00:00,19.3,98,0,2.4,310,0
"179778",2022-08-20 04:00:00,19.3,98,0,3,310,0
"179779",2022-08-20 05:00:00,19.4,97,0,2.8,310,0
"179780",2022-08-20 06:00:00,19.5,95,0,3,320,0
"179781",2022-08-20 07:00:00,19.6,94,0,2.6,310,0
"179782",2022-08-20 08:00:00,19.7,94,0,2.4,320,0
"179783",2022-08-20 09:00:00,19.9,94,0,3.3,310,0.1
"179784",2022-08-20 10:00:00,20.5,87,0,3.1,300,0
"179785",2022-08-20 11:00:00,21.5,71,0,4,310,0
"179786",2022-08-20 12:00:00,21.6,69,0,2.8,300,0
"179787",2022-08-20 13:00:00,21.1,69,0,3,300,0
"179788",2022-08-20 14:00:00,20.1,80,0,2.9,300,0.2
"179789",2022-08-20 15:00:00,20.2,90,0,1.6,290,0.6
"179790",2022-08-20 16:00:00,20.2,92,0,0.7,280,0
"179791",2022-08-20 17:00:00,20.1,95,0,1.2,300,0
"179792",2022-08-20 18:00:00,20,95,0,1.9,290,0
"179793",2022-08-20 19:00:00,18.7,96,0,1.4,320,0.6
"179794",2022-08-20 20:00:00,18.4,98,0,2,320,0
"179795",2022-08-20 21:00:00,18.3,98,0,2.6,310,0
"179796",2022-08-20 22:00:00,18.2,98,0,2.7,290,0
"179797",2022-08-20 23:00:00,18.4,96,0,2.9,310,0
"179798",2022-08-21 00:00:00,18.5,97,0,3,320,0
"179799",2022-08-21 01:00:00,18.1,97,0,3.2,320,0
"179800",2022-08-21 02:00:00,17.6,98,0,2.9,320,0
"179801",2022-08-21 03:00:00,16.9,95,0,3,330,0
"179802",2022-08-21 04:00:00,16.2,92,0,3.2,320,0
"179803",2022-08-21 05:00:00,16,92,0,2.9,320,0
"179804",2022-08-21 06:00:00,16,91,0,2.3,300,0
"179805",2022-08-21 07:00:00,16.6,87,0,2.4,310,0
"179806",2022-08-21 08:00:00,18.3,72,49,2.8,320,0
"179807",2022-08-21 09:00:00,19.8,60,53,2.6,340,0
"179808",2022-08-21 10:00:00,20.4,54,0,2.9,320,0
"179809",2022-08-21 11:00:00,21.5,44,42,3.7,330,0
"179810",2022-08-21 12:00:00,22.7,40,60,4.2,320,0
"179811",2022-08-21 13:00:00,23.7,39,60,3.9,340,0
"179812",2022-08-21 14:00:00,23.1,43,55,3.8,350,0
"179813",2022-08-21 15:00:00,23.2,43,40,3.9,320,0
"179814",2022-08-21 16:00:00,22.9,44,35,2.2,330,0
"179815",2022-08-21 17:00:00,22.6,50,22,0.9,10,0
"179816",2022-08-21 18:00:00,21.2,51,59,1.5,30,0
"179817",2022-08-21 19:00:00,18.7,65,0,0.7,100,0
"179818",2022-08-21 20:00:00,16.6,75,0,2.3,90,0
"179819",2022-08-21 21:00:00,15.3,86,0,1.7,90,0
"179820",2022-08-21 22:00:00,14.5,91,0,2.7,90,0
"179821",2022-08-21 23:00:00,14.1,94,0,1.4,110,0
"179822",2022-08-22 00:00:00,13.7,96,0,1.3,70,0
"179823",2022-08-22 01:00:00,13.6,98,0,0.9,120,0
"179824",2022-08-22 02:00:00,13.2,99,0,0.2,NA,0
"179825",2022-08-22 03:00:00,12.9,99,0,0.9,10,0
"179826",2022-08-22 04:00:00,12.9,100,0,1.2,60,0
"179827",2022-08-22 05:00:00,13.3,100,0,1.7,10,0
"179828",2022-08-22 06:00:00,14.8,98,3,1.3,20,0
"179829",2022-08-22 07:00:00,17.3,91,3,0.7,40,0
"179830",2022-08-22 08:00:00,19.8,67,25,0.5,210,0
"179831",2022-08-22 09:00:00,21.9,51,60,3.5,50,0
"179832",2022-08-22 10:00:00,22.7,48,55,4,80,0
"179833",2022-08-22 11:00:00,22.7,47,56,3,50,0
"179834",2022-08-22 12:00:00,23.7,43,35,2.2,50,0
"179835",2022-08-22 13:00:00,23.8,44,28,2.6,60,0
"179836",2022-08-22 14:00:00,23.4,43,33,3.5,60,0
"179837",2022-08-22 15:00:00,23,47,4,3.2,80,0
"179838",2022-08-22 16:00:00,22.9,47,3,2.8,80,0
"179839",2022-08-22 17:00:00,21.8,49,0,2.9,90,0
"179840",2022-08-22 18:00:00,21.1,52,0,3.3,100,0
"179841",2022-08-22 19:00:00,19.9,56,0,3.2,90,0
"179842",2022-08-22 20:00:00,19.2,63,0,2.5,80,0
"179843",2022-08-22 21:00:00,18.7,63,0,3.6,80,0
"179844",2022-08-22 22:00:00,18.5,69,0,2.5,70,0
"179845",2022-08-22 23:00:00,18.2,83,0,1.9,50,0
"179846",2022-08-23 00:00:00,18.1,83,0,2.1,10,0
"179847",2022-08-23 01:00:00,18.2,83,0,2.1,330,0
"179848",2022-08-23 02:00:00,18.1,81,0,2.6,20,0
"179849",2022-08-23 03:00:00,18,79,0,2.7,20,0
"179850",2022-08-23 04:00:00,17.9,82,0,2.1,20,0
"179851",2022-08-23 05:00:00,17.8,84,0,2.9,10,0
"179852",2022-08-23 06:00:00,18.3,83,0,2.1,10,0
"179853",2022-08-23 07:00:00,19.1,79,0,2.6,10,0
"179854",2022-08-23 08:00:00,20,77,0,2.7,30,0
"179855",2022-08-23 09:00:00,20.9,71,0,2.7,20,0
"179856",2022-08-23 10:00:00,22,64,24,3.8,30,0
"179857",2022-08-23 11:00:00,22.6,61,0,3.3,20,0
"179858",2022-08-23 12:00:00,23.6,55,18,4.2,30,0
"179859",2022-08-23 13:00:00,24,53,39,3.1,30,0
"179860",2022-08-23 14:00:00,25.9,49,58,3.9,80,0
"179861",2022-08-23 15:00:00,24.8,49,36,3.5,40,0
"179862",2022-08-23 16:00:00,23.7,52,22,3.1,40,0
"179863",2022-08-23 17:00:00,23.4,54,45,2.6,50,0
"179864",2022-08-23 18:00:00,21.8,64,30,2.1,60,0
"179865",2022-08-23 19:00:00,20.4,71,7,3.3,60,0
"179866",2022-08-23 20:00:00,20,75,0,3,50,0
"179867",2022-08-23 21:00:00,18.3,85,0,2.3,40,0
"179868",2022-08-23 22:00:00,17.2,91,0,2.1,30,0
"179869",2022-08-23 23:00:00,16.7,96,0,2.6,30,0
"179870",2022-08-24 00:00:00,17.3,94,0,2.7,20,0
"179871",2022-08-24 01:00:00,16.5,96,0,2.1,20,0
"179872",2022-08-24 02:00:00,15.7,99,0,2.4,10,0
"179873",2022-08-24 03:00:00,15.5,100,0,2.5,50,0
"179874",2022-08-24 04:00:00,16.3,100,0,1.3,40,0
"179875",2022-08-24 05:00:00,15.8,100,15,0.6,80,0
"179876",2022-08-24 06:00:00,17,99,59,1.2,270,0
"179877",2022-08-24 07:00:00,18.2,96,17,1.3,260,0
"179878",2022-08-24 08:00:00,19.8,86,0,1.6,270,0
"179879",2022-08-24 09:00:00,21,77,26,1.4,350,0
"179880",2022-08-24 10:00:00,21.9,74,7,1.2,20,0
"179881",2022-08-24 11:00:00,22.9,68,29,2.1,40,0
"179882",2022-08-24 12:00:00,24.7,63,34,2.4,40,0
"179883",2022-08-24 13:00:00,25.8,54,59,1.7,60,0
"179884",2022-08-24 14:00:00,25.3,54,44,1.8,110,0
"179885",2022-08-24 15:00:00,26.7,50,41,1.7,60,0
"179886",2022-08-24 16:00:00,27,50,56,2.3,80,0
"179887",2022-08-24 17:00:00,25.1,55,36,3.3,40,0
"179888",2022-08-24 18:00:00,24.4,59,37,2.7,80,0
"179889",2022-08-24 19:00:00,22.7,67,0,3.2,60,0
"179890",2022-08-24 20:00:00,21.9,74,0,4.4,50,0
"179891",2022-08-24 21:00:00,21.5,78,0,4.3,60,0
"179892",2022-08-24 22:00:00,20.6,86,0,3.2,50,0
"179893",2022-08-24 23:00:00,19.8,90,0,2.9,70,0
"179894",2022-08-25 00:00:00,19.1,94,0,3.1,40,0
"179895",2022-08-25 01:00:00,19,94,0,2.7,40,0
"179896",2022-08-25 02:00:00,18.3,96,0,2.6,40,0
"179897",2022-08-25 03:00:00,18.2,98,0,2.5,20,0
"179898",2022-08-25 04:00:00,17.9,98,0,2.4,30,0
"179899",2022-08-25 05:00:00,17.8,98,9,2.8,40,0
"179900",2022-08-25 06:00:00,18.8,95,44,2.5,50,0
"179901",2022-08-25 07:00:00,19.2,95,0,3.2,60,0
"179902",2022-08-25 08:00:00,19.8,93,0,2.7,40,0
"179903",2022-08-25 09:00:00,22.3,83,17,3.3,50,0
"179904",2022-08-25 10:00:00,23.5,74,49,3.6,80,0
"179905",2022-08-25 11:00:00,24.6,70,41,3.6,80,0
"179906",2022-08-25 12:00:00,25.1,64,29,3.2,50,0
"179907",2022-08-25 13:00:00,26.2,60,30,4.4,70,0
"179908",2022-08-25 14:00:00,26.5,55,37,2.1,80,0
"179909",2022-08-25 15:00:00,27.8,54,56,2.7,70,0
"179910",2022-08-25 16:00:00,27,54,41,3.1,70,0
"179911",2022-08-25 17:00:00,26.8,54,59,3.8,60,0
"179912",2022-08-25 18:00:00,25.1,60,39,4.2,80,0
"179913",2022-08-25 19:00:00,23.4,70,0,2.8,80,0
"179914",2022-08-25 20:00:00,22,80,0,2.3,90,0
"179915",2022-08-25 21:00:00,20.7,88,0,2.5,60,0
"179916",2022-08-25 22:00:00,20.1,92,0,3,70,0
"179917",2022-08-25 23:00:00,20.6,90,0,2.7,50,0
"179918",2022-08-26 00:00:00,20.8,89,0,2.4,40,0
"179919",2022-08-26 01:00:00,20.1,90,0,2.7,40,0
"179920",2022-08-26 02:00:00,20.8,87,0,2.8,50,0
"179921",2022-08-26 03:00:00,19.7,92,0,2.4,70,0
"179922",2022-08-26 04:00:00,19.3,95,0,3.1,70,0
"179923",2022-08-26 05:00:00,19.9,94,0,2.4,70,0
"179924",2022-08-26 06:00:00,20.8,90,25,1.9,70,0
"179925",2022-08-26 07:00:00,22.7,82,60,1.6,80,0
"179926",2022-08-26 08:00:00,25.1,72,60,1.2,80,0
"179927",2022-08-26 09:00:00,26.1,67,60,1.5,80,0
"179928",2022-08-26 10:00:00,28.1,60,60,2.6,80,0
"179929",2022-08-26 11:00:00,28.4,55,41,2.4,100,0
"179930",2022-08-26 12:00:00,24.9,58,8,4,320,0
"179931",2022-08-26 13:00:00,22.9,69,0,3.5,330,0
"179932",2022-08-26 14:00:00,20.7,95,0,4.1,310,3.2
"179933",2022-08-26 15:00:00,19.1,98,0,5.3,310,17.7
"179934",2022-08-26 16:00:00,19.6,99,0,3.1,40,0.8
"179935",2022-08-26 17:00:00,19.8,99,0,1,20,0.4
"179936",2022-08-26 18:00:00,19.6,99,0,1.2,250,0.1
"179937",2022-08-26 19:00:00,19.2,100,0,1.5,350,0
"179938",2022-08-26 20:00:00,19.4,99,0,2.8,300,0
"179939",2022-08-26 21:00:00,19.1,99,0,1.5,20,0
"179940",2022-08-26 22:00:00,19,99,0,2.5,30,0
"179941",2022-08-26 23:00:00,19.1,98,0,2.8,340,0.1
"179942",2022-08-27 00:00:00,19,98,0,2.7,30,0
"179943",2022-08-27 01:00:00,19,98,0,2.4,360,0
"179944",2022-08-27 02:00:00,19.2,98,0,2.1,330,0
"179945",2022-08-27 03:00:00,19.3,99,0,1.9,350,0
"179946",2022-08-27 04:00:00,18.9,100,0,3.2,300,0
"179947",2022-08-27 05:00:00,18.9,100,0,2.2,320,0
"179948",2022-08-27 06:00:00,19,100,0,2.5,320,0
"179949",2022-08-27 07:00:00,19,99,0,2,320,0
"179950",2022-08-27 08:00:00,19.4,97,0,2.2,340,0
"179951",2022-08-27 09:00:00,19.9,95,0,2.7,320,0
"179952",2022-08-27 10:00:00,20.5,92,0,3.6,310,0
"179953",2022-08-27 11:00:00,21.7,87,0,3.1,330,0
"179954",2022-08-27 12:00:00,21.8,83,0,3.1,320,0
"179955",2022-08-27 13:00:00,23.2,76,25,2.5,330,0
"179956",2022-08-27 14:00:00,23,73,31,3.5,330,0
"179957",2022-08-27 15:00:00,22.8,75,2,3.6,340,0
"179958",2022-08-27 16:00:00,22.1,80,0,3.8,320,0
"179959",2022-08-27 17:00:00,20.9,83,0,4.6,330,0
"179960",2022-08-27 18:00:00,20.4,84,0,5.5,340,0
"179961",2022-08-27 19:00:00,20,86,0,4.3,330,0
"179962",2022-08-27 20:00:00,19.3,88,0,3.6,320,0
"179963",2022-08-27 21:00:00,19.3,88,0,3.9,330,0
"179964",2022-08-27 22:00:00,19.3,90,0,4.8,330,0
"179965",2022-08-27 23:00:00,19,91,0,3.9,320,0
"179966",2022-08-28 00:00:00,18.7,90,0,2.8,320,0
"179967",2022-08-28 01:00:00,18.4,86,0,3.7,310,0
"179968",2022-08-28 02:00:00,18.3,91,0,4.2,300,0
"179969",2022-08-28 03:00:00,17.3,89,0,4.3,300,0
"179970",2022-08-28 04:00:00,16.8,88,0,4.4,300,0
"179971",2022-08-28 05:00:00,16.3,88,0,4.3,290,0
"179972",2022-08-28 06:00:00,15.4,90,0,3.8,300,0
"179973",2022-08-28 07:00:00,15.7,91,4,4,300,0
"179974",2022-08-28 08:00:00,16.4,86,28,3.8,290,0
"179975",2022-08-28 09:00:00,16.8,84,31,3.3,300,0
"179976",2022-08-28 10:00:00,16.6,84,18,5,320,0
"179977",2022-08-28 11:00:00,16.6,84,0,4,300,0
"179978",2022-08-28 12:00:00,16.6,87,0,4.3,280,0
"179979",2022-08-28 13:00:00,17.7,83,0,3.8,310,0
"179980",2022-08-28 14:00:00,18.9,74,32,4.6,290,0
"179981",2022-08-28 15:00:00,20.5,63,59,2.2,290,0
"179982",2022-08-28 16:00:00,21.2,59,60,4.5,300,0
"179983",2022-08-28 17:00:00,21.2,54,60,4.2,300,0
"179984",2022-08-28 18:00:00,19.7,56,52,3.2,300,0
"179985",2022-08-28 19:00:00,17,72,0,3.2,310,0
"179986",2022-08-28 20:00:00,17.5,61,0,3.9,320,0
"179987",2022-08-28 21:00:00,16.4,62,0,3.9,310,0
"179988",2022-08-28 22:00:00,15,70,0,3.9,290,0
"179989",2022-08-28 23:00:00,14.4,73,0,4,290,0
"179990",2022-08-29 00:00:00,13.7,77,0,3.7,270,0
"179991",2022-08-29 01:00:00,13.3,81,0,3.2,270,0
"179992",2022-08-29 02:00:00,12.7,86,0,3.6,270,0
"179993",2022-08-29 03:00:00,12.8,89,0,3.3,270,0
"179994",2022-08-29 04:00:00,12.7,86,0,2.9,260,0
"179995",2022-08-29 05:00:00,12.5,91,0,3.3,270,0
"179996",2022-08-29 06:00:00,14,88,0,2.1,260,0
"179997",2022-08-29 07:00:00,14.9,86,0,2.7,260,0
"179998",2022-08-29 08:00:00,15.4,84,0,2.7,240,0
"179999",2022-08-29 09:00:00,16.1,83,0,2.6,250,0
"180000",2022-08-29 10:00:00,17.2,80,0,4.3,240,0
"180001",2022-08-29 11:00:00,18.4,77,0,3.9,250,0
"180002",2022-08-29 12:00:00,19.1,73,12,3.8,260,0
"180003",2022-08-29 13:00:00,20.8,65,45,4.5,260,0
"180004",2022-08-29 14:00:00,21.4,62,54,2.5,260,0
"180005",2022-08-29 15:00:00,22,59,56,3.3,280,0
"180006",2022-08-29 16:00:00,21.7,55,38,4.3,290,0
"180007",2022-08-29 17:00:00,21.5,57,47,3.5,320,0
"180008",2022-08-29 18:00:00,19.8,62,29,2.5,340,0
"180009",2022-08-29 19:00:00,17,80,0,2.2,350,0
"180010",2022-08-29 20:00:00,15.6,90,0,2,350,0
"180011",2022-08-29 21:00:00,16.5,87,0,3.6,20,0
"180012",2022-08-29 22:00:00,15.2,94,0,2.6,360,0
"180013",2022-08-29 23:00:00,14.6,96,0,2.2,30,0
"180014",2022-08-30 00:00:00,14.5,98,0,1.9,30,0
"180015",2022-08-30 01:00:00,14.1,99,0,2.3,10,0
"180016",2022-08-30 02:00:00,13.9,99,0,2.1,10,0
"180017",2022-08-30 03:00:00,13.4,99,0,2.1,350,0
"180018",2022-08-30 04:00:00,14.3,100,0,2,360,0
"180019",2022-08-30 05:00:00,13.7,100,0,1.9,360,0
"180020",2022-08-30 06:00:00,14.7,100,21,1.1,20,0
"180021",2022-08-30 07:00:00,16,94,38,0.6,310,0
"180022",2022-08-30 08:00:00,17.8,84,28,1.8,30,0
"180023",2022-08-30 09:00:00,17.9,79,8,3,30,0
"180024",2022-08-30 10:00:00,18,75,0,4,20,0
"180025",2022-08-30 11:00:00,19.5,69,1,2.7,40,0
"180026",2022-08-30 12:00:00,20.6,55,54,2.1,20,0
"180027",2022-08-30 13:00:00,21.6,54,60,1.4,40,0
"180028",2022-08-30 14:00:00,21.4,54,53,3.3,350,0
"180029",2022-08-30 15:00:00,20.9,57,40,3.4,20,0
"180030",2022-08-30 16:00:00,20.4,62,14,3.9,50,0
"180031",2022-08-30 17:00:00,19.8,62,40,2.9,40,0
"180032",2022-08-30 18:00:00,19.2,63,1,3.9,40,0
"180033",2022-08-30 19:00:00,18.1,65,0,3.9,40,0
"180034",2022-08-30 20:00:00,16.9,71,0,3.3,60,0
"180035",2022-08-30 21:00:00,16.1,78,0,3,40,0
"180036",2022-08-30 22:00:00,15.5,73,0,3.2,40,0
"180037",2022-08-30 23:00:00,15.3,73,0,3.6,40,0
"180038",2022-08-31 00:00:00,14.6,76,0,3.5,40,0
"180039",2022-08-31 01:00:00,14,82,0,3.6,40,0
"180040",2022-08-31 02:00:00,13.1,89,0,3.2,40,0
"180041",2022-08-31 03:00:00,14.3,86,0,2.9,40,0
"180042",2022-08-31 04:00:00,14.1,86,0,3.1,50,0
"180043",2022-08-31 05:00:00,13.3,90,2,2.2,50,0
"180044",2022-08-31 06:00:00,14.2,85,60,3.1,50,0
"180045",2022-08-31 07:00:00,15.6,77,60,2.9,60,0
"180046",2022-08-31 08:00:00,17.3,64,60,3.1,60,0
"180047",2022-08-31 09:00:00,18.8,53,60,2.9,60,0
"180048",2022-08-31 10:00:00,19,51,46,3.6,70,0
"180049",2022-08-31 11:00:00,19.3,51,29,3.7,30,0
"180050",2022-08-31 12:00:00,20.1,47,23,3.8,50,0
"180051",2022-08-31 13:00:00,20.4,46,36,3.5,40,0
"180052",2022-08-31 14:00:00,21.4,42,54,4,60,0
"180053",2022-08-31 15:00:00,20.3,45,20,3.8,50,0
"180054",2022-08-31 16:00:00,21.5,40,38,2.8,60,0
"180055",2022-08-31 17:00:00,20.4,43,60,3.1,60,0
"180056",2022-08-31 18:00:00,18.8,49,48,4.7,30,0
"180057",2022-08-31 19:00:00,17.9,52,0,3.6,30,0
"180058",2022-08-31 20:00:00,16.8,56,0,3.7,30,0
"180059",2022-08-31 21:00:00,16.4,62,0,4.1,40,0
"180060",2022-08-31 22:00:00,15.9,66,0,3.8,50,0
"180061",2022-08-31 23:00:00,16.2,67,0,4.1,50,0
"180062",2022-09-01 00:00:00,15.9,67,0,3.3,50,0
"180063",2022-09-01 01:00:00,15.5,64,0,3.8,50,0
"180064",2022-09-01 02:00:00,15.1,66,0,3.7,50,0
"180065",2022-09-01 03:00:00,14.5,71,0,3.1,40,0
"180066",2022-09-01 04:00:00,13,82,0,3,30,0
"180067",2022-09-01 05:00:00,12.3,88,25,2.6,20,0
"180068",2022-09-01 06:00:00,13.3,85,60,2.3,20,0
"180069",2022-09-01 07:00:00,14.8,75,60,2.8,60,0
"180070",2022-09-01 08:00:00,16.9,63,60,3.3,30,0
"180071",2022-09-01 09:00:00,18.1,55,60,4,50,0
"180072",2022-09-01 10:00:00,18.5,50,57,4.6,60,0
"180073",2022-09-01 11:00:00,20.1,48,34,4.2,30,0
"180074",2022-09-01 12:00:00,19.9,45,17,3.6,60,0
"180075",2022-09-01 13:00:00,20,46,1,3.7,30,0
"180076",2022-09-01 14:00:00,20.4,45,42,2.2,40,0
"180077",2022-09-01 15:00:00,20.4,45,56,2.6,20,0
"180078",2022-09-01 16:00:00,20.5,45,60,1.9,30,0
"180079",2022-09-01 17:00:00,19.5,46,60,4,20,0
"180080",2022-09-01 18:00:00,17.4,51,43,3.5,80,0
"180081",2022-09-01 19:00:00,15.4,60,0,2.6,70,0
"180082",2022-09-01 20:00:00,15,66,0,3,60,0
"180083",2022-09-01 21:00:00,14.4,70,0,2.9,70,0
"180084",2022-09-01 22:00:00,13.7,75,0,3.8,70,0
"180085",2022-09-01 23:00:00,13.7,76,0,3.1,70,0
"180086",2022-09-02 00:00:00,12.8,79,0,3.1,70,0
"180087",2022-09-02 01:00:00,13.7,77,0,3.5,70,0
"180088",2022-09-02 02:00:00,13.2,78,0,2.3,80,0
"180089",2022-09-02 03:00:00,12.1,82,0,3.1,80,0
"180090",2022-09-02 04:00:00,10.7,91,0,3.2,80,0
"180091",2022-09-02 05:00:00,10.5,95,0,3.5,80,0
"180092",2022-09-02 06:00:00,12.7,85,0,3.3,80,0
"180093",2022-09-02 07:00:00,14.3,78,5,2.4,70,0
"180094",2022-09-02 08:00:00,15.7,71,43,2.3,70,0
"180095",2022-09-02 09:00:00,18.5,60,56,3.5,100,0
"180096",2022-09-02 10:00:00,19.5,51,49,3.3,90,0
"180097",2022-09-02 11:00:00,20.2,49,27,3.5,120,0
"180098",2022-09-02 12:00:00,19.5,50,8,3.3,100,0
"180099",2022-09-02 13:00:00,20.9,45,42,2.7,90,0
"180100",2022-09-02 14:00:00,20.3,46,21,2.9,120,0
"180101",2022-09-02 15:00:00,20.8,42,53,2.4,100,0
"180102",2022-09-02 16:00:00,20.3,43,33,3.4,100,0
"180103",2022-09-02 17:00:00,19.4,43,47,3,100,0
"180104",2022-09-02 18:00:00,18.2,45,39,3.7,90,0
"180105",2022-09-02 19:00:00,17,48,0,4.7,100,0
"180106",2022-09-02 20:00:00,15.6,53,0,3.9,100,0
"180107",2022-09-02 21:00:00,13.8,63,0,3.3,90,0
"180108",2022-09-02 22:00:00,13.5,67,0,3.7,100,0
"180109",2022-09-02 23:00:00,12.8,70,0,3.9,100,0
"180110",2022-09-03 00:00:00,12.5,69,0,4,90,0
"180111",2022-09-03 01:00:00,12.2,70,0,4.1,90,0
"180112",2022-09-03 02:00:00,11.8,70,0,4.2,90,0
"180113",2022-09-03 03:00:00,11.4,73,0,4.3,80,0
"180114",2022-09-03 04:00:00,11,74,0,4.5,90,0
"180115",2022-09-03 05:00:00,11.4,73,11,4.7,80,0
"180116",2022-09-03 06:00:00,12.3,72,30,4.1,90,0
"180117",2022-09-03 07:00:00,13.3,73,2,3.3,90,0
"180118",2022-09-03 08:00:00,14.7,70,0,3.3,90,0
"180119",2022-09-03 09:00:00,17.5,61,31,4.1,80,0
"180120",2022-09-03 10:00:00,19.6,50,60,4.4,90,0
"180121",2022-09-03 11:00:00,19.6,47,36,4.3,110,0
"180122",2022-09-03 12:00:00,20.8,43,18,5,80,0
"180123",2022-09-03 13:00:00,20.7,42,19,5.4,90,0
"180124",2022-09-03 14:00:00,20.8,42,11,4.8,100,0
"180125",2022-09-03 15:00:00,22.1,40,27,4.9,90,0
"180126",2022-09-03 16:00:00,22,40,60,5.6,80,0
"180127",2022-09-03 17:00:00,20.2,43,53,3.5,100,0
"180128",2022-09-03 18:00:00,18,47,30,3.3,100,0
"180129",2022-09-03 19:00:00,17.7,51,0,4.2,90,0
"180130",2022-09-03 20:00:00,16.9,53,0,3.8,100,0
"180131",2022-09-03 21:00:00,17.2,51,0,4,90,0
"180132",2022-09-03 22:00:00,16.7,51,0,3.7,80,0
"180133",2022-09-03 23:00:00,15.9,53,0,4.9,80,0
"180134",2022-09-04 00:00:00,15.4,54,0,5.2,80,0
"180135",2022-09-04 01:00:00,14.9,57,0,5.4,90,0
"180136",2022-09-04 02:00:00,14.4,59,0,4.9,80,0
"180137",2022-09-04 03:00:00,13.9,63,0,4.4,90,0
"180138",2022-09-04 04:00:00,13.5,63,0,3.9,80,0
"180139",2022-09-04 05:00:00,12.9,65,12,4.4,80,0
"180140",2022-09-04 06:00:00,13.3,66,60,4.6,90,0
"180141",2022-09-04 07:00:00,14.1,64,60,4.3,90,0
"180142",2022-09-04 08:00:00,16.5,62,60,2.9,80,0
"180143",2022-09-04 09:00:00,19,59,60,3.4,110,0
"180144",2022-09-04 10:00:00,21.4,51,60,5.5,120,0
"180145",2022-09-04 11:00:00,22.4,48,60,3.8,100,0
"180146",2022-09-04 12:00:00,23.1,46,60,4.4,80,0
"180147",2022-09-04 13:00:00,24.3,43,60,3,120,0
"180148",2022-09-04 14:00:00,24.1,40,60,4,80,0
"180149",2022-09-04 15:00:00,24.1,41,60,3.2,100,0
"180150",2022-09-04 16:00:00,23,43,60,3.7,80,0
"180151",2022-09-04 17:00:00,21.6,44,60,3.6,100,0
"180152",2022-09-04 18:00:00,19.2,50,12,3.1,80,0
"180153",2022-09-04 19:00:00,17,58,0,3.5,80,0
"180154",2022-09-04 20:00:00,17.8,56,0,4,90,0
"180155",2022-09-04 21:00:00,16.9,58,0,3.5,90,0
"180156",2022-09-04 22:00:00,15.9,63,0,3.7,90,0
"180157",2022-09-04 23:00:00,15.4,64,0,4,80,0
"180158",2022-09-05 00:00:00,15.5,63,0,4.2,80,0
"180159",2022-09-05 01:00:00,15.1,65,0,4.9,90,0
"180160",2022-09-05 02:00:00,14.3,67,0,4.2,90,0
"180161",2022-09-05 03:00:00,13.8,69,0,3.8,80,0
"180162",2022-09-05 04:00:00,13.1,73,0,3.5,80,0
"180163",2022-09-05 05:00:00,13.4,74,7,5,90,0
"180164",2022-09-05 06:00:00,14.1,73,60,3.8,80,0
"180165",2022-09-05 07:00:00,15.8,71,60,4,90,0
"180166",2022-09-05 08:00:00,17.4,67,60,4,90,0
"180167",2022-09-05 09:00:00,19.7,62,60,3.6,100,0
"180168",2022-09-05 10:00:00,21.8,56,60,5.1,100,0
"180169",2022-09-05 11:00:00,22.9,53,60,4.8,100,0
"180170",2022-09-05 12:00:00,23.8,50,60,4.6,90,0
"180171",2022-09-05 13:00:00,23.5,50,60,3.2,100,0
"180172",2022-09-05 14:00:00,24,48,60,4.1,80,0
"180173",2022-09-05 15:00:00,23.5,49,55,4.9,80,0
"180174",2022-09-05 16:00:00,22.8,50,59,5.2,90,0
"180175",2022-09-05 17:00:00,21.8,51,60,4.2,90,0
"180176",2022-09-05 18:00:00,20.1,54,24,3.3,90,0
"180177",2022-09-05 19:00:00,18.8,57,0,3.6,90,0
"180178",2022-09-05 20:00:00,17.8,59,0,3.6,90,0
"180179",2022-09-05 21:00:00,17,60,0,3.8,80,0
"180180",2022-09-05 22:00:00,16.7,58,0,4.5,90,0
"180181",2022-09-05 23:00:00,16,57,0,5.1,90,0
"180182",2022-09-06 00:00:00,15.3,55,0,4.6,90,0
"180183",2022-09-06 01:00:00,14.9,55,0,5.4,80,0
"180184",2022-09-06 02:00:00,14.3,55,0,5.2,90,0
"180185",2022-09-06 03:00:00,14.1,56,0,4.9,90,0
"180186",2022-09-06 04:00:00,13.7,59,0,4.3,80,0
"180187",2022-09-06 05:00:00,13.3,62,0,5,80,0
"180188",2022-09-06 06:00:00,13.8,63,50,4.9,90,0
"180189",2022-09-06 07:00:00,15,62,60,5.9,90,0
"180190",2022-09-06 08:00:00,16.8,60,60,5.3,90,0
"180191",2022-09-06 09:00:00,18.1,58,59,4.3,100,0
"180192",2022-09-06 10:00:00,18.8,57,41,4.8,90,0
"180193",2022-09-06 11:00:00,20.1,57,0,4.5,90,0
"180194",2022-09-06 12:00:00,20.4,54,14,5.2,90,0
"180195",2022-09-06 13:00:00,22.2,51,20,4.5,110,0
"180196",2022-09-06 14:00:00,22.2,51,32,4,110,0
"180197",2022-09-06 15:00:00,22.6,51,60,5.4,100,0
"180198",2022-09-06 16:00:00,21.6,53,53,3.8,100,0
"180199",2022-09-06 17:00:00,21.1,54,0,3.8,110,0
"180200",2022-09-06 18:00:00,20.3,54,0,3.7,100,0
"180201",2022-09-06 19:00:00,18.9,59,0,2.9,100,0
"180202",2022-09-06 20:00:00,18.5,57,0,4,100,0
"180203",2022-09-06 21:00:00,18.2,58,0,3.1,100,0
"180204",2022-09-06 22:00:00,17.5,59,0,4,100,0
"180205",2022-09-06 23:00:00,17.4,57,0,3.4,100,0
"180206",2022-09-07 00:00:00,16.4,59,0,3.1,100,0
"180207",2022-09-07 01:00:00,15.1,61,0,3.6,90,0
"180208",2022-09-07 02:00:00,14.6,62,0,3.8,80,0
"180209",2022-09-07 03:00:00,14.2,64,0,3.8,80,0
"180210",2022-09-07 04:00:00,13.4,68,0,3.8,80,0
"180211",2022-09-07 05:00:00,13.3,70,2,3.5,100,0
"180212",2022-09-07 06:00:00,14.1,69,60,4.1,100,0
"180213",2022-09-07 07:00:00,15.7,67,60,3.1,110,0
"180214",2022-09-07 08:00:00,17.4,66,60,3.1,100,0
"180215",2022-09-07 09:00:00,20.7,61,60,2.7,90,0
"180216",2022-09-07 10:00:00,22.2,57,60,3.1,110,0
"180217",2022-09-07 11:00:00,22.6,59,28,2.2,110,0
"180218",2022-09-07 12:00:00,23.6,59,2,3.3,140,0
"180219",2022-09-07 13:00:00,23.5,60,3,3.2,110,0
"180220",2022-09-07 14:00:00,24.2,61,3,2.9,100,0
"180221",2022-09-07 15:00:00,24.3,58,18,3,110,0
"180222",2022-09-07 16:00:00,24.4,58,52,3.5,90,0
"180223",2022-09-07 17:00:00,23.1,62,0,3.3,80,0
"180224",2022-09-07 18:00:00,21.2,61,0,4.9,130,0
"180225",2022-09-07 19:00:00,19.4,71,0,3.6,100,0
"180226",2022-09-07 20:00:00,19.4,76,0,4.3,100,0
"180227",2022-09-07 21:00:00,19.1,73,0,4.9,100,0
"180228",2022-09-07 22:00:00,18.7,71,0,3.8,80,0
"180229",2022-09-07 23:00:00,17.7,71,0,4.2,90,0
"180230",2022-09-08 00:00:00,17.3,71,0,4.4,80,0
"180231",2022-09-08 01:00:00,16.8,70,0,4.4,90,0
"180232",2022-09-08 02:00:00,16.4,69,0,3.7,80,0
"180233",2022-09-08 03:00:00,16,68,0,4.7,70,0
"180234",2022-09-08 04:00:00,15.6,67,0,3.9,90,0
"180235",2022-09-08 05:00:00,15.3,66,0,4.7,80,0
"180236",2022-09-08 06:00:00,15.5,67,0,4.4,80,0
"180237",2022-09-08 07:00:00,15.7,67,0,4.3,80,0
"180238",2022-09-08 08:00:00,16.4,68,0,4,90,0
"180239",2022-09-08 09:00:00,16,74,0,3.2,80,0.2
"180240",2022-09-08 10:00:00,15.4,91,0,3.1,60,0.6
"180241",2022-09-08 11:00:00,14.7,97,0,1.7,270,1.9
"180242",2022-09-08 12:00:00,15.4,99,0,2.7,70,2
"180243",2022-09-08 13:00:00,16.7,97,0,2.7,80,0.3
"180244",2022-09-08 14:00:00,17.3,96,0,2.3,120,0
"180245",2022-09-08 15:00:00,17,99,0,3.2,130,3.1
"180246",2022-09-08 16:00:00,17,99,0,2,130,3.9
"180247",2022-09-08 17:00:00,17.5,99,0,3.2,190,0
"180248",2022-09-08 18:00:00,16.8,96,1,3.9,230,0
"180249",2022-09-08 19:00:00,16.1,98,0,3.1,240,0
"180250",2022-09-08 20:00:00,16,98,0,3.1,230,0
"180251",2022-09-08 21:00:00,16,98,0,3.6,240,0
"180252",2022-09-08 22:00:00,15.5,98,0,3.2,230,0
"180253",2022-09-08 23:00:00,14.7,99,0,2.4,210,0
"180254",2022-09-09 00:00:00,13.7,100,0,2.8,190,0
"180255",2022-09-09 01:00:00,13,100,0,2.6,180,0
"180256",2022-09-09 02:00:00,12.5,100,0,3,190,0
"180257",2022-09-09 03:00:00,12.7,100,0,3.3,190,0
"180258",2022-09-09 04:00:00,12.6,100,0,3.9,200,0
"180259",2022-09-09 05:00:00,12.3,100,5,3.5,190,0
"180260",2022-09-09 06:00:00,13.1,100,60,2.6,180,0
"180261",2022-09-09 07:00:00,14.2,96,50,2.6,200,0
"180262",2022-09-09 08:00:00,17.4,80,60,2.9,200,0
"180263",2022-09-09 09:00:00,17.7,75,18,2.3,190,0
"180264",2022-09-09 10:00:00,20.1,67,47,1.7,210,0
"180265",2022-09-09 11:00:00,21.3,59,54,3.1,190,0
"180266",2022-09-09 12:00:00,22.6,54,49,4,180,0
"180267",2022-09-09 13:00:00,22.1,50,43,2,190,0
"180268",2022-09-09 14:00:00,22.4,50,24,2.5,220,0
"180269",2022-09-09 15:00:00,21.7,54,29,3.5,170,0
"180270",2022-09-09 16:00:00,21.8,54,32,1.7,170,0
"180271",2022-09-09 17:00:00,20.3,59,15,2.6,180,0
"180272",2022-09-09 18:00:00,18.2,68,0,4.2,130,0
"180273",2022-09-09 19:00:00,16.8,75,0,3.6,140,0
"180274",2022-09-09 20:00:00,16,80,0,4,150,0
"180275",2022-09-09 21:00:00,15.2,82,0,3.3,170,0
"180276",2022-09-09 22:00:00,14.4,88,0,4.1,160,0
"180277",2022-09-09 23:00:00,13.6,94,0,2.6,160,0
"180278",2022-09-10 00:00:00,13.2,96,0,3.3,170,0
"180279",2022-09-10 01:00:00,13.2,96,0,2.9,160,0
"180280",2022-09-10 02:00:00,12.9,97,0,3.5,180,0
"180281",2022-09-10 03:00:00,12.1,98,0,3.2,190,0
"180282",2022-09-10 04:00:00,11.5,99,0,3,210,0
"180283",2022-09-10 05:00:00,11.5,99,0,3.4,200,0
"180284",2022-09-10 06:00:00,12.2,98,46,3.3,200,0
"180285",2022-09-10 07:00:00,14.6,84,60,1.8,230,0
"180286",2022-09-10 08:00:00,17.1,71,60,1.6,250,0
"180287",2022-09-10 09:00:00,19.3,61,60,2.2,280,0
"180288",2022-09-10 10:00:00,19.9,58,56,2.2,250,0
"180289",2022-09-10 11:00:00,20.5,56,43,3.8,240,0
"180290",2022-09-10 12:00:00,20.9,55,25,2.4,290,0
"180291",2022-09-10 13:00:00,21.7,50,49,3.5,240,0
"180292",2022-09-10 14:00:00,21.9,50,58,4.2,250,0
"180293",2022-09-10 15:00:00,21.1,55,58,4,310,0
"180294",2022-09-10 16:00:00,21,55,60,2.2,270,0
"180295",2022-09-10 17:00:00,19.1,66,48,2.8,270,0
"180296",2022-09-10 18:00:00,17.5,78,0,1.4,300,0
"180297",2022-09-10 19:00:00,16,89,0,2,270,0
"180298",2022-09-10 20:00:00,15.4,93,0,2.2,260,0
"180299",2022-09-10 21:00:00,14.3,96,0,2.6,300,0
"180300",2022-09-10 22:00:00,13.6,98,0,2.8,310,0
"180301",2022-09-10 23:00:00,13.2,98,0,2.8,330,0
"180302",2022-09-11 00:00:00,13.9,98,0,2.9,330,0
"180303",2022-09-11 01:00:00,13.6,98,0,2.7,330,0
"180304",2022-09-11 02:00:00,13.3,98,0,2.9,330,0
"180305",2022-09-11 03:00:00,12.9,98,0,3,320,0
"180306",2022-09-11 04:00:00,13.1,98,0,4.2,340,0
"180307",2022-09-11 05:00:00,13,100,0,3.2,340,0
"180308",2022-09-11 06:00:00,13.4,99,0,2.8,310,0
"180309",2022-09-11 07:00:00,14.5,96,0,2.4,330,0
"180310",2022-09-11 08:00:00,15.3,89,0,2.7,330,0
"180311",2022-09-11 09:00:00,16.9,80,14,3.6,310,0
"180312",2022-09-11 10:00:00,17.4,76,1,3.2,320,0
"180313",2022-09-11 11:00:00,18.4,71,3,3.6,320,0
"180314",2022-09-11 12:00:00,18.1,70,4,1.9,330,0
"180315",2022-09-11 13:00:00,18.7,65,5,4,310,0
"180316",2022-09-11 14:00:00,18.2,71,0,2.7,300,0
"180317",2022-09-11 15:00:00,19.2,66,58,4.2,300,0
"180318",2022-09-11 16:00:00,18.5,66,27,4.3,310,0
"180319",2022-09-11 17:00:00,17.1,74,0,2.9,310,0
"180320",2022-09-11 18:00:00,16.7,79,0,2.2,310,0
"180321",2022-09-11 19:00:00,14.7,91,0,1.3,330,0
"180322",2022-09-11 20:00:00,13.5,96,0,1.9,310,0
"180323",2022-09-11 21:00:00,12.6,98,0,3.1,330,0
"180324",2022-09-11 22:00:00,12.5,99,0,2.8,330,0
"180325",2022-09-11 23:00:00,13.4,98,0,2.9,320,0
"180326",2022-09-12 00:00:00,13,95,0,2.4,320,0
"180327",2022-09-12 01:00:00,12.2,98,0,3,310,0
"180328",2022-09-12 02:00:00,11.3,99,0,2.8,310,0
"180329",2022-09-12 03:00:00,10.7,99,0,3,310,0
"180330",2022-09-12 04:00:00,10.1,100,0,2.7,300,0
"180331",2022-09-12 05:00:00,10,100,0,3.1,300,0
"180332",2022-09-12 06:00:00,11,100,58,2.3,300,0
"180333",2022-09-12 07:00:00,13.1,95,60,1.6,310,0
"180334",2022-09-12 08:00:00,15.5,83,60,1.5,350,0
"180335",2022-09-12 09:00:00,17.4,70,57,2.4,320,0
"180336",2022-09-12 10:00:00,18.4,60,40,1.5,300,0
"180337",2022-09-12 11:00:00,18.9,53,47,2.1,300,0
"180338",2022-09-12 12:00:00,19,52,33,1.5,280,0
"180339",2022-09-12 13:00:00,19.2,51,43,2.3,270,0
"180340",2022-09-12 14:00:00,19.8,49,56,1.8,240,0
"180341",2022-09-12 15:00:00,19.6,49,52,1.3,250,0
"180342",2022-09-12 16:00:00,18.8,59,0,0.9,280,0
"180343",2022-09-12 17:00:00,17.7,67,0,0.5,290,0
"180344",2022-09-12 18:00:00,15.9,72,0,2.1,170,0
"180345",2022-09-12 19:00:00,14.3,83,0,2.4,170,0
"180346",2022-09-12 20:00:00,12.9,91,0,2.7,150,0
"180347",2022-09-12 21:00:00,12.2,95,0,3.2,150,0
"180348",2022-09-12 22:00:00,11.6,98,0,4,160,0
"180349",2022-09-12 23:00:00,11.4,98,0,3.9,160,0
"180350",2022-09-13 00:00:00,11.3,99,0,3.3,170,0
"180351",2022-09-13 01:00:00,11,99,0,4.2,160,0
"180352",2022-09-13 02:00:00,11,99,0,3.7,170,0
"180353",2022-09-13 03:00:00,10.8,98,0,3.6,160,0
"180354",2022-09-13 04:00:00,10.9,98,0,3.6,170,0
"180355",2022-09-13 05:00:00,12.2,90,0,3.8,170,0
"180356",2022-09-13 06:00:00,12.8,88,0,3.8,200,0
"180357",2022-09-13 07:00:00,12.8,95,0,2.9,220,0.8
"180358",2022-09-13 08:00:00,14,94,0,2.1,180,0
"180359",2022-09-13 09:00:00,15.4,89,2,3.5,230,0
"180360",2022-09-13 10:00:00,17.6,78,41,2.5,230,0
"180361",2022-09-13 11:00:00,19.2,70,22,2.5,260,0
"180362",2022-09-13 12:00:00,17.3,90,0,3.6,250,0.8
"180363",2022-09-13 13:00:00,17.9,88,0,3,270,0
"180364",2022-09-13 14:00:00,18.7,84,4,2.9,270,0
"180365",2022-09-13 15:00:00,19.1,81,32,3.2,270,0
"180366",2022-09-13 16:00:00,19.6,77,50,3.7,250,0
"180367",2022-09-13 17:00:00,18.4,83,48,2.5,250,0
"180368",2022-09-13 18:00:00,17.3,89,10,3,250,0
"180369",2022-09-13 19:00:00,16.5,92,0,3.8,270,0
"180370",2022-09-13 20:00:00,15.4,96,0,3.6,270,0
"180371",2022-09-13 21:00:00,14.9,96,0,4.1,300,0
"180372",2022-09-13 22:00:00,14.6,90,0,3.7,320,0
"180373",2022-09-13 23:00:00,13,96,0,3.2,280,0
"180374",2022-09-14 00:00:00,12.2,98,0,3.3,260,0
"180375",2022-09-14 01:00:00,11.6,99,0,3.5,270,0
"180376",2022-09-14 02:00:00,11.3,99,0,3.4,230,0
"180377",2022-09-14 03:00:00,11.3,99,0,3.5,260,0
"180378",2022-09-14 04:00:00,11.1,99,0,3.7,260,0
"180379",2022-09-14 05:00:00,11.2,99,0,3,260,0
"180380",2022-09-14 06:00:00,11.5,99,0,2.9,260,0
"180381",2022-09-14 07:00:00,12.8,94,17,1.8,260,0
"180382",2022-09-14 08:00:00,14.4,87,17,1.3,280,0
"180383",2022-09-14 09:00:00,16.3,67,60,1.9,300,0
"180384",2022-09-14 10:00:00,16.6,62,20,2.2,280,0
"180385",2022-09-14 11:00:00,17.7,56,9,3.2,290,0
"180386",2022-09-14 12:00:00,18.6,53,54,3.1,220,0
"180387",2022-09-14 13:00:00,18.2,55,12,2.8,260,0
"180388",2022-09-14 14:00:00,17.7,57,24,2.4,270,0
"180389",2022-09-14 15:00:00,17.5,59,0,2.8,290,0
"180390",2022-09-14 16:00:00,17.2,61,0,1.8,280,0
"180391",2022-09-14 17:00:00,16.3,70,0,1.7,270,0
"180392",2022-09-14 18:00:00,15.2,81,0,1.9,230,0
"180393",2022-09-14 19:00:00,14.5,84,0,2,240,0
"180394",2022-09-14 20:00:00,14.2,87,0,2.4,260,0
"180395",2022-09-14 21:00:00,13.6,90,0,2.6,260,0
"180396",2022-09-14 22:00:00,13.1,93,0,2.9,260,0
"180397",2022-09-14 23:00:00,13.4,93,0,3,260,0
"180398",2022-09-15 00:00:00,13,94,0,3.1,280,0
"180399",2022-09-15 01:00:00,12.6,97,0,3.3,260,0
"180400",2022-09-15 02:00:00,12.4,98,0,3.3,250,0
"180401",2022-09-15 03:00:00,12.5,97,0,3.2,280,0
"180402",2022-09-15 04:00:00,11.9,97,0,3.2,260,0
"180403",2022-09-15 05:00:00,11.5,98,0,3.4,230,0
"180404",2022-09-15 06:00:00,11.7,98,42,3.4,240,0
"180405",2022-09-15 07:00:00,13.7,86,38,3.5,260,0
"180406",2022-09-15 08:00:00,14,82,18,4.1,270,0
"180407",2022-09-15 09:00:00,14.9,76,13,3.8,280,0
"180408",2022-09-15 10:00:00,15.6,68,0,4,270,0
"180409",2022-09-15 11:00:00,17.6,54,46,5.2,270,0
"180410",2022-09-15 12:00:00,17.7,51,28,5.4,260,0
"180411",2022-09-15 13:00:00,17.5,53,17,4.8,280,0
"180412",2022-09-15 14:00:00,17.9,53,43,5.4,270,0
"180413",2022-09-15 15:00:00,17.6,52,47,5.4,260,0
"180414",2022-09-15 16:00:00,16.4,53,14,5.5,290,0
"180415",2022-09-15 17:00:00,14.8,66,1,4.6,280,0
"180416",2022-09-15 18:00:00,13.7,76,0,3.9,270,0.1
"180417",2022-09-15 19:00:00,13.4,79,0,4.2,280,0
"180418",2022-09-15 20:00:00,13.5,81,0,3.9,260,0
"180419",2022-09-15 21:00:00,13.2,80,0,3.3,270,0
"180420",2022-09-15 22:00:00,13.1,80,0,3.7,260,0
"180421",2022-09-15 23:00:00,12.6,81,0,4.6,260,0
"180422",2022-09-16 00:00:00,12.3,81,0,4.8,260,0
"180423",2022-09-16 01:00:00,11.7,83,0,4.1,270,0
"180424",2022-09-16 02:00:00,11.2,90,0,4.6,260,0
"180425",2022-09-16 03:00:00,10.9,93,0,4.5,270,0
"180426",2022-09-16 04:00:00,10.8,94,0,4.3,260,0
"180427",2022-09-16 05:00:00,10.6,94,0,4.6,250,0
"180428",2022-09-16 06:00:00,10.7,92,9,5.2,250,0
"180429",2022-09-16 07:00:00,11.4,87,23,5,260,0
"180430",2022-09-16 08:00:00,13.1,78,35,3.6,260,0
"180431",2022-09-16 09:00:00,13.8,70,23,4.9,260,0
"180432",2022-09-16 10:00:00,15.7,57,31,6.3,270,0
"180433",2022-09-16 11:00:00,15.1,55,18,5.6,260,0
"180434",2022-09-16 12:00:00,17.2,47,51,6.1,260,0
"180435",2022-09-16 13:00:00,16,46,45,7,260,0
"180436",2022-09-16 14:00:00,17.2,43,32,4.7,280,0
"180437",2022-09-16 15:00:00,17.6,40,51,4.7,260,0
"180438",2022-09-16 16:00:00,17,40,43,6.3,260,0
"180439",2022-09-16 17:00:00,16,43,32,5.1,260,0
"180440",2022-09-16 18:00:00,14.1,49,3,5.3,240,0
"180441",2022-09-16 19:00:00,13.6,53,0,6.3,250,0
"180442",2022-09-16 20:00:00,12,70,0,5,260,0.4
"180443",2022-09-16 21:00:00,10.2,96,0,5,200,3.7
"180444",2022-09-16 22:00:00,10.5,96,0,6.7,250,1.1
"180445",2022-09-16 23:00:00,10.9,97,0,7.3,270,0.2
"180446",2022-09-17 00:00:00,11,97,0,5.5,270,0.2
"180447",2022-09-17 01:00:00,11.2,96,0,5.3,280,0
"180448",2022-09-17 02:00:00,11.3,96,0,4.9,270,0
"180449",2022-09-17 03:00:00,11.4,97,0,3.9,260,0
"180450",2022-09-17 04:00:00,11.6,95,0,4,260,0
"180451",2022-09-17 05:00:00,11.7,95,0,4.1,270,0
"180452",2022-09-17 06:00:00,12,95,0,3.5,270,0
"180453",2022-09-17 07:00:00,12,91,0,5.4,270,0
"180454",2022-09-17 08:00:00,12.5,84,0,5.6,280,0
"180455",2022-09-17 09:00:00,13.7,74,17,6.9,290,0
"180456",2022-09-17 10:00:00,13.7,68,11,6.1,280,0
"180457",2022-09-17 11:00:00,14,67,25,6.6,280,0.1
"180458",2022-09-17 12:00:00,15,62,24,5.4,270,0
"180459",2022-09-17 13:00:00,14.6,70,32,4.2,270,0.7
"180460",2022-09-17 14:00:00,15.4,52,49,6.6,280,0
"180461",2022-09-17 15:00:00,14.6,57,54,6.7,290,0
"180462",2022-09-17 16:00:00,12.9,55,59,7.6,280,0
"180463",2022-09-17 17:00:00,12,60,9,5.7,270,0
"180464",2022-09-17 18:00:00,10.9,71,0,5.7,260,0
"180465",2022-09-17 19:00:00,9.8,89,0,3.4,240,0
"180466",2022-09-17 20:00:00,9.7,97,0,2.1,240,0.1
"180467",2022-09-17 21:00:00,10.1,97,0,3,280,0
"180468",2022-09-17 22:00:00,10.3,95,0,2.8,280,0
"180469",2022-09-17 23:00:00,10.5,95,0,3,280,0
"180470",2022-09-18 00:00:00,10.7,94,0,3.1,290,0
"180471",2022-09-18 01:00:00,10.3,97,0,5,300,2.2
"180472",2022-09-18 02:00:00,10,97,0,4,300,0.5
"180473",2022-09-18 03:00:00,10,97,0,5.9,300,0.3
"180474",2022-09-18 04:00:00,9.9,95,0,5,290,0
"180475",2022-09-18 05:00:00,9.6,94,0,5.6,290,0
"180476",2022-09-18 06:00:00,9.2,92,1,5.5,280,0
"180477",2022-09-18 07:00:00,9.6,89,55,5.5,280,0
"180478",2022-09-18 08:00:00,11,78,60,6.7,280,0
"180479",2022-09-18 09:00:00,12,70,42,5,280,0
"180480",2022-09-18 10:00:00,12.2,67,32,6.4,270,0
"180481",2022-09-18 11:00:00,13.2,62,16,5.5,280,0
"180482",2022-09-18 12:00:00,11.9,79,28,3.5,270,0.4
"180483",2022-09-18 13:00:00,12.8,71,50,3.3,270,0.7
"180484",2022-09-18 14:00:00,11.6,67,37,4.8,280,0
"180485",2022-09-18 15:00:00,11.2,73,0,2.7,230,0
"180486",2022-09-18 16:00:00,11.6,69,48,3.2,260,0
"180487",2022-09-18 17:00:00,11.3,72,43,4.3,260,0.1
"180488",2022-09-18 18:00:00,9.8,86,0,3.3,230,0.1
"180489",2022-09-18 19:00:00,9.2,94,0,2.3,240,1
"180490",2022-09-18 20:00:00,9.2,92,0,4,240,0
"180491",2022-09-18 21:00:00,8.8,94,0,4.7,250,0.6
"180492",2022-09-18 22:00:00,8.8,96,0,3.5,270,0.3
"180493",2022-09-18 23:00:00,8.8,97,0,3.9,280,0
"180494",2022-09-19 00:00:00,8.7,97,0,3.2,290,0
"180495",2022-09-19 01:00:00,8.5,98,0,4.6,290,0
"180496",2022-09-19 02:00:00,8.6,98,0,3.6,290,0
"180497",2022-09-19 03:00:00,8.8,98,0,3.9,290,0
"180498",2022-09-19 04:00:00,9.1,98,0,4.1,290,0
"180499",2022-09-19 05:00:00,9.4,98,0,4,300,0
"180500",2022-09-19 06:00:00,9.8,97,0,4.5,290,0
"180501",2022-09-19 07:00:00,10.7,96,0,4.1,300,0
"180502",2022-09-19 08:00:00,11.7,93,0,4.6,300,0
"180503",2022-09-19 09:00:00,13,86,0,5.2,300,0
"180504",2022-09-19 10:00:00,14.4,75,35,5.1,300,0
"180505",2022-09-19 11:00:00,11.8,70,9,3.8,340,0.1
"180506",2022-09-19 12:00:00,14.7,68,14,5,270,0
"180507",2022-09-19 13:00:00,10.9,88,13,2.7,310,1
"180508",2022-09-19 14:00:00,11,92,0,2.8,280,0.2
"180509",2022-09-19 15:00:00,11,95,0,3.4,270,0
"180510",2022-09-19 16:00:00,11.2,93,2,3.5,270,0
"180511",2022-09-19 17:00:00,11.2,92,0,3.6,270,0
"180512",2022-09-19 18:00:00,10.7,94,0,3.9,280,0
"180513",2022-09-19 19:00:00,10.4,94,0,3.4,280,0
"180514",2022-09-19 20:00:00,10,95,0,3.8,270,0.2
"180515",2022-09-19 21:00:00,9.5,96,0,3.6,280,0
"180516",2022-09-19 22:00:00,9.4,96,0,4.4,290,0
"180517",2022-09-19 23:00:00,8.9,96,0,3.6,290,0
"180518",2022-09-20 00:00:00,8.4,97,0,3.9,280,0
"180519",2022-09-20 01:00:00,8.1,98,0,2.7,290,0
"180520",2022-09-20 02:00:00,8,98,0,3.3,270,0
"180521",2022-09-20 03:00:00,8.5,98,0,3.6,280,0
"180522",2022-09-20 04:00:00,8.9,98,0,3.4,280,0
"180523",2022-09-20 05:00:00,8.7,98,0,3.8,280,0
"180524",2022-09-20 06:00:00,8.9,98,13,3.3,280,0
"180525",2022-09-20 07:00:00,9.7,94,51,3.2,290,0
"180526",2022-09-20 08:00:00,10.7,89,60,3.4,290,0
"180527",2022-09-20 09:00:00,12.4,81,60,4.9,290,0
"180528",2022-09-20 10:00:00,13.5,78,54,3.1,290,0
"180529",2022-09-20 11:00:00,13.3,76,43,4.8,280,0
"180530",2022-09-20 12:00:00,12.1,85,18,1.9,30,0.4
"180531",2022-09-20 13:00:00,13,84,7,2.4,290,0.2
"180532",2022-09-20 14:00:00,10.6,90,6,3.7,280,1.6
"180533",2022-09-20 15:00:00,12.6,77,58,3.6,280,0
"180534",2022-09-20 16:00:00,12,82,21,2.7,320,0
"180535",2022-09-20 17:00:00,11.3,93,42,1.4,330,0.2
"180536",2022-09-20 18:00:00,10.7,95,0,2.4,280,0
"180537",2022-09-20 19:00:00,9.5,96,0,3.2,310,0
"180538",2022-09-20 20:00:00,8.4,98,0,3.7,300,0
"180539",2022-09-20 21:00:00,8,98,0,3.5,310,0
"180540",2022-09-20 22:00:00,7.4,100,0,3.9,310,0
"180541",2022-09-20 23:00:00,6.9,100,0,3.8,290,0
"180542",2022-09-21 00:00:00,6.5,100,0,3.4,300,0
"180543",2022-09-21 01:00:00,6.3,100,0,3.6,300,0
"180544",2022-09-21 02:00:00,6.3,100,0,3.7,300,0
"180545",2022-09-21 03:00:00,6.2,100,0,3.7,290,0
"180546",2022-09-21 04:00:00,6.1,100,0,3.6,310,0
"180547",2022-09-21 05:00:00,5.7,100,0,3.5,300,0
"180548",2022-09-21 06:00:00,6.4,100,23,3.2,300,0
"180549",2022-09-21 07:00:00,8.2,100,29,2.4,300,0
"180550",2022-09-21 08:00:00,9.5,98,0,2,290,0
"180551",2022-09-21 09:00:00,11.4,92,33,1.8,290,0
"180552",2022-09-21 10:00:00,13.5,81,43,2.1,310,0
"180553",2022-09-21 11:00:00,14.7,64,42,1.4,340,0
"180554",2022-09-21 12:00:00,15.9,59,39,2.8,270,0
"180555",2022-09-21 13:00:00,15.3,58,21,3,300,0
"180556",2022-09-21 14:00:00,15.8,54,38,4,310,0
"180557",2022-09-21 15:00:00,16.1,54,31,2.7,280,0
"180558",2022-09-21 17:00:00,13.9,61,59,2.9,320,0
"180559",2022-09-21 18:00:00,11,79,12,3.7,320,0
"180560",2022-09-21 19:00:00,9,90,0,3.5,330,0
"180561",2022-09-21 20:00:00,7.8,96,0,2.6,350,0
"180562",2022-09-21 21:00:00,7.4,98,0,2.8,10,0
"180563",2022-09-21 22:00:00,7.9,98,0,2.3,20,0
"180564",2022-09-21 23:00:00,8.5,98,0,2,350,0
"180565",2022-09-22 00:00:00,8.8,95,0,2.5,360,0
"180566",2022-09-22 01:00:00,7.6,97,0,2.2,10,0
"180567",2022-09-22 02:00:00,6.7,99,0,3,10,0
"180568",2022-09-22 03:00:00,6.2,100,0,2.8,10,0
"180569",2022-09-22 04:00:00,5.7,100,0,2.8,20,0
"180570",2022-09-22 05:00:00,5.3,100,0,2.2,30,0
"180571",2022-09-22 06:00:00,5.2,100,50,1.8,10,0
"180572",2022-09-22 07:00:00,7.8,100,60,1.3,80,0
"180573",2022-09-22 08:00:00,11,83,60,1.7,80,0
"180574",2022-09-22 09:00:00,13.1,66,57,2.2,90,0
"180575",2022-09-22 10:00:00,14,55,53,2.2,80,0
"180576",2022-09-22 11:00:00,14.2,53,40,2.4,100,0
"180577",2022-09-22 12:00:00,14.2,52,12,1.7,110,0
"180578",2022-09-22 13:00:00,16.8,45,46,2.3,100,0
"180579",2022-09-22 14:00:00,14.4,54,21,2.1,150,0
"180580",2022-09-22 15:00:00,13.3,66,0,1.7,160,0
"180581",2022-09-22 16:00:00,12.4,72,0,1.9,190,0
"180582",2022-09-22 17:00:00,11.2,80,42,0.9,230,0
"180583",2022-09-22 18:00:00,9.4,90,4,0.6,210,0
"180584",2022-09-22 19:00:00,7.6,92,0,1.9,140,0
"180585",2022-09-22 20:00:00,6.7,97,0,2.5,150,0
"180586",2022-09-22 21:00:00,6.2,99,0,2.8,120,0
"180587",2022-09-22 22:00:00,5.6,100,0,3,160,0
"180588",2022-09-22 23:00:00,5.1,100,0,2.7,180,0
"180589",2022-09-23 00:00:00,5,100,0,1.9,140,0
"180590",2022-09-23 01:00:00,4.9,100,0,3.3,130,0
"180591",2022-09-23 02:00:00,4,100,0,2.8,160,0
"180592",2022-09-23 03:00:00,4,100,0,2.6,150,0
"180593",2022-09-23 04:00:00,3.5,100,0,2.8,140,0
"180594",2022-09-23 05:00:00,3.7,100,0,2.9,130,0
"180595",2022-09-23 06:00:00,4.3,100,40,2.4,140,0
"180596",2022-09-23 07:00:00,6.6,100,60,1.5,120,0
"180597",2022-09-23 08:00:00,10.3,84,60,2,160,0
"180598",2022-09-23 09:00:00,12.9,65,60,2.8,150,0
"180599",2022-09-23 10:00:00,15.2,54,60,1.8,170,0
"180600",2022-09-23 11:00:00,15.6,43,60,2.7,210,0
"180601",2022-09-23 12:00:00,15.9,44,60,1.4,140,0
"180602",2022-09-23 13:00:00,17.1,42,60,1.9,180,0
"180603",2022-09-23 14:00:00,16.6,40,60,1.4,170,0
"180604",2022-09-23 15:00:00,16.6,44,60,1.7,180,0
"180605",2022-09-23 16:00:00,14.9,53,28,2,140,0
"180606",2022-09-23 17:00:00,13.6,66,4,2.3,120,0
"180607",2022-09-23 18:00:00,10.8,74,0,2.9,120,0
"180608",2022-09-23 19:00:00,10.1,84,0,3,120,0
"180609",2022-09-23 20:00:00,9.2,91,0,3.3,130,0
"180610",2022-09-23 21:00:00,8.6,94,0,3.3,130,0
"180611",2022-09-23 22:00:00,8.9,96,0,2.8,130,0
"180612",2022-09-23 23:00:00,9.2,93,0,2.9,140,0
"180613",2022-09-24 00:00:00,8.9,91,0,2.7,140,0
"180614",2022-09-24 01:00:00,8.5,92,0,2.6,140,0
"180615",2022-09-24 02:00:00,8.9,93,0,2.5,140,0
"180616",2022-09-24 03:00:00,9.3,90,0,1.6,150,0
"180617",2022-09-24 04:00:00,9.2,92,0,2.3,120,0
"180618",2022-09-24 05:00:00,9.1,91,0,1.5,120,0
"180619",2022-09-24 06:00:00,9.3,93,0,1.8,100,0
"180620",2022-09-24 07:00:00,10.1,90,0,1.3,120,0
"180621",2022-09-24 08:00:00,11.3,82,0,1.5,120,0
"180622",2022-09-24 09:00:00,12.7,72,1,1,130,0
"180623",2022-09-24 10:00:00,13.9,70,0,1.7,90,0
"180624",2022-09-24 11:00:00,14.8,65,0,1,140,0
"180625",2022-09-24 12:00:00,15.5,64,0,1.6,130,0
"180626",2022-09-24 13:00:00,16,64,0,1.4,110,0
"180627",2022-09-24 14:00:00,16.5,60,6,1.1,70,0
"180628",2022-09-24 15:00:00,16.2,60,8,1.8,60,0
"180629",2022-09-24 16:00:00,15.3,68,0,2.2,70,0
"180630",2022-09-24 17:00:00,14.2,71,0,2.8,40,0
"180631",2022-09-24 18:00:00,13.6,74,0,2.4,30,0
"180632",2022-09-24 19:00:00,13.8,70,0,3,30,0
"180633",2022-09-24 20:00:00,13.4,73,0,3.6,30,0
"180634",2022-09-24 21:00:00,12.8,75,0,2.1,30,0
"180635",2022-09-24 22:00:00,12.3,84,0,3,60,0
"180636",2022-09-24 23:00:00,12.3,84,0,3.5,70,0
"180637",2022-09-25 00:00:00,12.5,80,0,3.5,70,0
"180638",2022-09-25 01:00:00,12.2,80,0,3.7,70,0
"180639",2022-09-25 02:00:00,12.1,78,0,3.1,90,0
"180640",2022-09-25 03:00:00,11.7,80,0,2.1,100,0
"180641",2022-09-25 04:00:00,11.4,83,0,2.2,100,0
"180642",2022-09-25 05:00:00,11,87,0,1.7,100,0
"180643",2022-09-25 06:00:00,10.9,90,0,1.6,130,0
"180644",2022-09-25 07:00:00,12.5,80,8,1.8,140,0
"180645",2022-09-25 08:00:00,13.2,77,1,0.8,170,0
"180646",2022-09-25 09:00:00,13.9,73,7,0.6,130,0
"180647",2022-09-25 10:00:00,15.4,70,12,0.7,170,0
"180648",2022-09-25 11:00:00,16.4,64,48,1.4,230,0
"180649",2022-09-25 12:00:00,17.4,61,28,1.2,240,0
"180650",2022-09-25 13:00:00,17.9,56,52,2.4,220,0
"180651",2022-09-25 14:00:00,17.9,56,49,2.1,280,0
"180652",2022-09-25 15:00:00,17.4,61,58,3.2,300,0
"180653",2022-09-25 16:00:00,17,63,35,2.8,290,0
"180654",2022-09-25 17:00:00,16,67,10,2.2,270,0
"180655",2022-09-25 18:00:00,15.1,72,0,2.6,270,0
"180656",2022-09-25 19:00:00,14.3,75,0,2.6,290,0
"180657",2022-09-25 20:00:00,13.6,82,0,2.9,280,0
"180658",2022-09-25 21:00:00,13.2,86,0,2.7,270,0
"180659",2022-09-25 22:00:00,12.5,90,0,3.3,290,0
"180660",2022-09-25 23:00:00,11.9,91,0,3.7,280,0
"180661",2022-09-26 00:00:00,11.8,90,0,4,300,0
"180662",2022-09-26 01:00:00,11.3,91,0,2.9,280,0
"180663",2022-09-26 02:00:00,11.2,91,0,2.5,280,0
"180664",2022-09-26 03:00:00,11.1,91,0,2.3,260,0
"180665",2022-09-26 04:00:00,11,92,0,1.9,240,0
"180666",2022-09-26 05:00:00,10.1,95,0,2.3,180,0
"180667",2022-09-26 06:00:00,9.9,98,13,2.7,210,0
"180668",2022-09-26 07:00:00,11.3,91,60,2.6,200,0
"180669",2022-09-26 08:00:00,13.5,77,60,3.3,220,0
"180670",2022-09-26 09:00:00,15,65,60,2.4,210,0
"180671",2022-09-26 10:00:00,15.5,55,55,4.3,210,0
"180672",2022-09-26 11:00:00,15.4,53,22,4.9,210,0
"180673",2022-09-26 12:00:00,16.1,52,2,4.8,210,0
"180674",2022-09-26 13:00:00,16.3,51,19,5.9,210,0
"180675",2022-09-26 14:00:00,16.3,53,7,4.8,180,0
"180676",2022-09-26 15:00:00,15.9,51,7,4.5,200,0
"180677",2022-09-26 16:00:00,15.7,52,18,5.3,200,0
"180678",2022-09-26 17:00:00,14.4,55,0,3.9,190,0
"180679",2022-09-26 18:00:00,12.7,65,0,4.2,180,0
"180680",2022-09-26 19:00:00,12.6,64,0,4.6,180,0
"180681",2022-09-26 20:00:00,12.5,65,0,3.6,190,0
"180682",2022-09-26 21:00:00,12.4,66,0,4.1,180,0
"180683",2022-09-26 22:00:00,12,72,0,4.5,180,0
"180684",2022-09-26 23:00:00,12,74,0,3.7,180,0
"180685",2022-09-27 00:00:00,11.9,74,0,3.8,170,0
"180686",2022-09-27 01:00:00,11.8,75,0,4.1,170,0
"180687",2022-09-27 02:00:00,11.8,75,0,3.5,170,0
"180688",2022-09-27 03:00:00,12,74,0,3.5,170,0
"180689",2022-09-27 04:00:00,11.7,77,0,4.2,180,0
"180690",2022-09-27 05:00:00,10.9,89,0,3.9,170,0.2
"180691",2022-09-27 06:00:00,10.6,95,0,3.9,180,0.3
"180692",2022-09-27 07:00:00,10.7,97,0,3.7,170,0.2
"180693",2022-09-27 08:00:00,10.8,98,0,3.5,180,0.4
"180694",2022-09-27 09:00:00,11.3,98,0,3.5,190,0.1
"180695",2022-09-27 10:00:00,12,94,0,2.8,190,0
"180696",2022-09-27 11:00:00,12.8,86,0,3.5,180,0
"180697",2022-09-27 12:00:00,10.6,94,0,6.5,280,2.2
"180698",2022-09-27 13:00:00,11.6,94,0,3.8,250,0.4
"180699",2022-09-27 14:00:00,12.2,90,13,3.8,240,0
"180700",2022-09-27 15:00:00,11.5,90,28,3.6,250,0.1
"180701",2022-09-27 16:00:00,11.1,94,0,3.4,240,0.5
"180702",2022-09-27 17:00:00,10,94,21,2.8,240,0.1
"180703",2022-09-27 18:00:00,8.9,98,0,2.8,240,0
"180704",2022-09-27 19:00:00,8.9,99,0,3.2,230,0
"180705",2022-09-27 20:00:00,8.3,96,0,3.1,240,0
"180706",2022-09-27 21:00:00,7.8,98,0,3.6,230,0
"180707",2022-09-27 22:00:00,7.8,96,0,3.2,220,0
"180708",2022-09-27 23:00:00,7.3,98,0,2.6,230,0
"180709",2022-09-28 00:00:00,7.5,98,0,2.6,220,0
"180710",2022-09-28 01:00:00,7.7,98,0,2.4,200,0
"180711",2022-09-28 02:00:00,7.7,98,0,2.1,200,0
"180712",2022-09-28 03:00:00,7.5,98,0,2.5,200,0
"180713",2022-09-28 04:00:00,6.4,99,0,2.2,170,0
"180714",2022-09-28 05:00:00,6.4,100,0,2.1,170,0
"180715",2022-09-28 06:00:00,7.3,100,0,2.2,180,0
"180716",2022-09-28 07:00:00,7.8,97,51,1.6,180,0
"180717",2022-09-28 08:00:00,9.3,89,58,1.8,200,0
"180718",2022-09-28 09:00:00,10.1,83,30,1.5,200,0
"180719",2022-09-28 10:00:00,11.5,70,45,2.1,170,0
"180720",2022-09-28 11:00:00,10.9,74,4,4.4,180,0
"180721",2022-09-28 12:00:00,10.3,79,0,2.8,220,0
"180722",2022-09-28 13:00:00,10.1,73,0,3.3,220,0
"180723",2022-09-28 14:00:00,11.1,71,34,1.5,230,0
"180724",2022-09-28 15:00:00,11.8,68,36,2.1,270,0
"180725",2022-09-28 16:00:00,10.8,70,42,3.1,280,0
"180726",2022-09-28 17:00:00,9.7,80,0,2.8,270,0
"180727",2022-09-28 18:00:00,9.3,88,0,1.8,240,0
"180728",2022-09-28 19:00:00,8.8,92,0,1.5,240,0
"180729",2022-09-28 20:00:00,7.8,96,0,2.1,240,0
"180730",2022-09-28 21:00:00,7.7,99,0,2.8,210,0
"180731",2022-09-28 22:00:00,7.9,99,0,2.3,240,0
"180732",2022-09-28 23:00:00,7.8,99,0,2.5,230,0
"180733",2022-09-29 00:00:00,7,100,0,2.6,220,0
"180734",2022-09-29 01:00:00,6.4,100,0,2.2,250,0
"180735",2022-09-29 02:00:00,6.5,100,0,2.5,220,0
"180736",2022-09-29 03:00:00,6.9,100,0,2,220,0
"180737",2022-09-29 04:00:00,7.1,100,0,2.5,240,0
"180738",2022-09-29 05:00:00,7,100,0,1.1,210,0
"180739",2022-09-29 06:00:00,7.1,100,0,1.1,200,0
"180740",2022-09-29 07:00:00,7.4,99,0,2.3,180,0
"180741",2022-09-29 08:00:00,8,97,0,1.9,200,0
"180742",2022-09-29 09:00:00,9.2,91,0,0.8,230,0
"180743",2022-09-29 10:00:00,11.4,78,13,2,230,0
"180744",2022-09-29 11:00:00,12.6,65,34,1.6,220,0
"180745",2022-09-29 12:00:00,12.8,57,11,1.6,200,0
"180746",2022-09-29 13:00:00,14.3,57,10,1.6,180,0
"180747",2022-09-29 14:00:00,13.3,53,60,2.2,210,0
"180748",2022-09-29 15:00:00,13.3,56,28,1.5,180,0
"180749",2022-09-29 16:00:00,13,62,25,2.6,130,0
"180750",2022-09-29 17:00:00,10.3,77,36,2.9,140,0
"180751",2022-09-29 18:00:00,8.3,88,0,2.9,160,0
"180752",2022-09-29 19:00:00,7.1,95,0,2.8,140,0
"180753",2022-09-29 20:00:00,6.7,99,0,3.1,150,0
"180754",2022-09-29 21:00:00,6.1,100,0,2.8,170,0
"180755",2022-09-29 22:00:00,5.4,100,0,3,160,0
"180756",2022-09-29 23:00:00,5.4,100,0,3.3,160,0
"180757",2022-09-30 00:00:00,5.1,100,0,2.6,150,0
"180758",2022-09-30 01:00:00,4.7,100,0,2.8,130,0
"180759",2022-09-30 02:00:00,4.5,100,0,3.2,140,0
"180760",2022-09-30 03:00:00,4,100,0,3,140,0
"180761",2022-09-30 04:00:00,3.9,100,0,2.9,140,0
"180762",2022-09-30 05:00:00,3.5,100,0,3,120,0
"180763",2022-09-30 06:00:00,4.1,100,22,2.8,140,0
"180764",2022-09-30 07:00:00,5.8,100,60,1.6,170,0
"180765",2022-09-30 08:00:00,8.9,91,60,1.4,200,0
"180766",2022-09-30 09:00:00,12.5,72,60,2,170,0
"180767",2022-09-30 10:00:00,14.7,60,60,3,200,0
"180768",2022-09-30 11:00:00,15.6,52,57,2.6,200,0
"180769",2022-09-30 12:00:00,16.7,46,46,3.3,190,0
"180770",2022-09-30 13:00:00,16.4,45,59,3,210,0
"180771",2022-09-30 14:00:00,17.1,43,46,3,220,0
"180772",2022-09-30 15:00:00,16.1,44,28,2.8,210,0
"180773",2022-09-30 16:00:00,15.1,48,29,3.2,200,0
"180774",2022-09-30 17:00:00,12.2,68,32,2.8,200,0
"180775",2022-09-30 18:00:00,9.7,83,0,3.1,170,0
"180776",2022-09-30 19:00:00,8.3,92,0,3.7,180,0
"180777",2022-09-30 20:00:00,7.5,95,0,3.6,190,0
"180778",2022-09-30 21:00:00,6.9,97,0,3.5,190,0
"180779",2022-09-30 22:00:00,6.3,98,0,3.7,190,0
"180780",2022-09-30 23:00:00,6,99,0,3.7,200,0
